Название организации  (спортивного объекта);Тип (каток/лыжная трасса);Адрес;Координаты;Район;Время суток (день/ ночь/ день и ночь);Расположение (открытый/закрытый);Наличие проката инвентаря (да/нет);Наличие услуг инструктора (да/нет);Наличие помещения для переодевания (да/нет);Наличие камеры хранения (да/нет);Наличие кафе на территории (да/нет);Освещение;широта;долгота
СПб ГБУ «ЦФКСиЗ Невского района» (внутридворовая спортивная площадка);каток;г. Санкт-Петербург, ул. Дыбенко, д.17, корп.3;59.90078,30.468486;Невский;день;открытый;Нет;Да;Нет;Нет;Нет;Имеется;59.90078;30.468486
СПб ГБУ «ЦФКСиЗ Невского района» (внутридворовая спортивная площадка);каток;г. Санкт-Петербург, Запорожская ул., д.23, корп.2;59.85195,30.467251;Невский;день;открытый;Нет;Да;Нет;Нет;Нет;Имеется;59.85195;30.467251
СПб ГБУ «ЦФКСиЗ Невского района» (внутридворовая спортивная площадка);каток;г. Санкт-Петербург, Искровский пр., д.6, корп.7;59.914643,30.46422;Невский;день;открытый;Нет;Да;Нет;Нет;Нет;Отсутствует;59.914643;30.46422
СПб ГБУ «ЦФКСиЗ Невского района» (внутридворовая спортивная площадка);каток;г. Санкт-Петербург, Октябрьская наб., д.118, корп.7;59.862895,30.500754;Невский;день;открытый;Нет;Да;Нет;Нет;Нет;Отсутствует;59.862895;30.500754
СПб ГБУ «ЦФКСиЗ Невского района» (внутридворовая спортивная площадка);каток;г. Санкт-Петербург, Прибрежная ул., д.16;59.831232,30.508499;Невский;день;открытый;Нет;Да;Нет;Нет;Нет;Отсутствует;59.831232;30.508499
СПб ГБУ «ЦФКСиЗ Невского района» (внутридворовая спортивная площадка);каток;"г. Санкт-Петербург,
пр. Солидарности, д.21";59.915628,30.495216;Невский;день;открытый;Нет;Да;Нет;Нет;Нет;Имеется;59.915628;30.495216
СПб ГБУ «ЦФКСиЗ Невского района» (внутридворовая спортивная площадка);каток;г. Санкт-Петербург, пр. Солидарности, д.8, корп.1,;59.922711,30.493093;Невский;день;открытый;Нет;Да;Нет;Нет;Нет;Отсутствует;59.922711;30.493093
СПб ГБУ «ЦФКСиЗ Невского района» (внутридворовая спортивная площадка);каток;г. Санкт-Петербург, ул. Подвойского, д.46;59.919806,30.498738;Невский;день;открытый;Нет;Да;Нет;Нет;Нет;Имеется;59.919806;30.498738
СПб ГБУ «Центр физической культуры, спорта и здоровья Невского района СПб»;каток;г. Санкт-Петербург, Железнодорожный пр., д.32;59.881807,30.420068;Невский;день;открытый;Да;Нет;Нет;Нет;Нет;Имеется;59.881807;30.420068
СПб ГБУ «ЦФКСиЗ Невского района» Ледовая Арена;каток;Г. Санкт-Петербург, ул. Бабушкина, д.30;59.887142,30.432416;Невский;день;закрытый;Нет;Нет;Да;Нет;Да;Имеется;59.887142;30.432416
ООО «Фидус»;каток;г. Санкт-Петербург, пр. Обуховской Обороны, д.149, лит.Х;59.884099,30.438722;Невский;день/ночь;закрытый;Да;Да;Да;Да;Да;Имеется;59.884099;30.438722
СЦ «Динамит»;каток;г. Санкт-Петербург,  пер. Челиева, д.13, корп.6;59.888149,30.481293;Невский;день;закрытый;Да;Да;Да;Да;Да;Имеется;59.888149;30.481293
СК «Алмаз-Антей»;каток;г. Санкт-Петербург, пр. Обуховской Обороны, д.130, лит.А;59.852009,30.48317;Невский;день;закрытый;Да;Нет;Да;Да;Да;Имеется;59.852009;30.48317
«Хоккейный город» СКА;каток;г. Санкт-Петербург, Российский пр., д.6;59.923843,30.469758;Невский;день;закрытый;Да;Нет;Да;Да;Нет;Имеется;59.923843;30.469758
«Хоккейный город» СКА;каток;г. Санкт-Петербург, Российский пр., д.6;59.925565,30.46903;Невский;день;открытый;Да;Нет;Да;Нет;Нет;Имеется;59.925565;30.46903
ОАО «Дворец Спорта»;каток;г. Санкт-Петербург, пр. Пятилеток, д.1, лит.А;59.921538,30.467899;Невский;день;закрытый;Да;Нет;Да;Нет;Нет;Имеется;59.921538;30.467899
Государственное бюджетное учреждение дополнительного образования спортивная школа олимпийского резерва №2 Невского района Санкт-Петербурга;лыжная трасса;г. Санкт-Петербург, пр. Большевиков, д.18;59.909124,30.489772;Невский;день;открытый;Нет;Нет;Нет;Нет;Нет;Имеется;59.909124;30.489772
Государственное бюджетное учреждение дополнительного образования спортивная школа олимпийского резерва №2 Невского района Санкт-Петербурга;лыжная трасса;г. Санкт-Петербург, ул. Антонова-Овсеенко, д.18;59.908212,30.465367;Невский;день;открытый;Нет;Нет;Нет;Нет;Нет;Отсутствует;59.908212;30.465367
Государственное бюджетное учреждение дополнительного образования спортивная школа олимпийского резерва №2 Невского района Санкт-Петербурга;лыжная трасса;г. Санкт-Петербург, ул. Латышских Стрелков, д.3;59.926053,30.467485;Невский;день;открытый;Нет;Нет;Нет;Нет;Нет;Отсутствует;59.926053;30.467485
Государственное бюджетное учреждение дополнительного образования спортивная школа олимпийского резерва №2 Невского района Санкт-Петербурга;лыжная трасса;г. Санкт-Петербург, ул. Крыленко, д.19, корп.1;59.897131,30.47389;Невский;день;открытый;Нет;Нет;Нет;Нет;Нет;Имеется;59.897131;30.47389
СПб ГБУ «Центр физической культуры, спорта и здоровья Красносельского района»;каток;г.Санкт-Петербург, улица Партизана Германа, дом 8, корпус 2, литера А;59.838019,30.177447;Красносельский;день;открытый;Нет;Да;Нет;Нет;Нет;Имеется;59.838019;30.177447
СПб ГБУ «Центр физической культуры, спорта и здоровья Красносельского района»;каток;г.Санкт-Петербург, улица Партизана Германа, дом 21, литера А;59.836757,30.172578;Красносельский;день;открытый;Нет;Да;Нет;Нет;Нет;Отсутствует;59.836757;30.172578
СПб ГБУ «Центр физической культуры, спорта и здоровья Красносельского района»;каток;г.Санкт-Петербург, улица Партизана Германа, дом 28, литера А;59.827356,30.178156;Красносельский;день;открытый;Нет;Да;Нет;Нет;Нет;Внутридворовое освещение;59.827356;30.178156
СПб ГБУ «Центр физической культуры, спорта и здоровья Красносельского района»;каток;г.Санкт-Петербург, проспект Кузнецова, дом 26, корпус 1, литера А;59.852579,30.186088;Красносельский;день;открытый;Нет;Да;Нет;Нет;Нет;Внутридворовое освещение;59.852579;30.186088
СПб ГБУ «Центр физической культуры, спорта и здоровья Красносельского района»;каток;Санкт-Петербург, Красносельское шоссе, дом 34, литера А;59.785934,30.144523;Красносельский;день;открытый;Нет;Да;Нет;Нет;Нет;Имеется;59.785934;30.144523
СПб ГБУ «Центр физической культуры, спорта и здоровья Красносельского района»;каток;г.Санкт-Петербург, Ленинский проспект, дом 100, корпус 2, литера А;59.854291,30.219901;Красносельский;день;открытый;Нет;Да;Нет;Нет;Нет;Имеется;59.854291;30.219901
СПб ГБУ «Центр физической культуры, спорта и здоровья Красносельского района»;каток;г.Санкт-Петербург, улица Маршала Захарова, дом 27, корпус 1, литера А;59.850888,30.203363;Красносельский;день;открытый;Нет;Да;Нет;Нет;Нет;Внутридворовое освещение;59.850888;30.203363
СПб ГБУ «Центр физической культуры, спорта и здоровья Красносельского района»;каток;г.Санкт-Петербург, улица Чекистов, дом 38, литера А;59.842825,30.149967;Красносельский;день;открытый;Нет;Да;Нет;Нет;Нет;Имеется;59.842825;30.149967
СПб ГБУ «Центр физической культуры, спорта и здоровья Красносельского района»;каток;г.Санкт-Петербург, улица Здоровцева, дом 8, литера А;59.840139,30.163738;Красносельский;день;открытый;Нет;Да;Нет;Нет;Нет;Имеется;59.840139;30.163738
СПб ГБУ «Центр физической культуры, спорта и здоровья Красносельского района»;каток;Красное село, п. Хвойный, д. 92;59.670708,30.074855;Красносельский;день;открытый;Нет;Да;Нет;Нет;Нет;Имеется;59.670708;30.074855
СПб ГБУ «Центр физической культуры, спорта и здоровья Красносельского района»;лыжная трасса;г.Санкт-Петербург, Петергофское шоссе, дом 27, литера А;59.85068,30.173791;Красносельский;день;открытый;Нет;Да;Нет;Нет;Нет;Уличное освещение;59.85068;30.173791
СПб ГБУ «Центр физической культуры, спорта и здоровья Красносельского района»;лыжная трасса;г.Санкт-Петербург, Авангардная улица, дом 16, литера Д;59.835243,30.184489;Красносельский;день;открытый;Нет;Да;Нет;Нет;Нет;Уличное освещение;59.835243;30.184489
СПб ГБУ «Центр физической культуры, спорта и здоровья Красносельского района»;лыжная трасса;Санкт-Петербург, ул. Здоровцева, д. 8, лит. А;59.840139,30.163738;Красносельский;день;открытый;Нет;Да;Нет;Нет;Нет;Уличное освещение;59.840139;30.163738
СПб ГБУ «Центр физической культуры, спорта и здоровья Красносельского района»;лыжная трасса;Санкт-Петербург, город Красное Село, улица Освобождения, дом 29, корпус 1, литера А;59.74305021992464,30.079600811004642;Красносельский;день;открытый;Нет;Да;Нет;Нет;Нет;Уличное освещение;59.74305021992464;30.079600811004642
СПб ГБУ «Центр физической культуры, спорта и здоровья Красносельского района»;лыжная трасса;Санкт-Петербург, город Красное Село, Красногородская улица, дом 7, корпус 3, литера А;59.720803,30.089924;Красносельский;день;открытый;Нет;Да;Нет;Нет;Нет;Уличное освещение;59.720803;30.089924
ГБУ спортивная школа Красносельского района СПб;лыжная трасса;Красное Село, пр. Двадцать Пятого Октября, д. 105, лит. А;59.692551,30.120143;Красносельский;день;открытый;Нет;Нет;Нет;Нет;Нет;Уличное освещение;59.692551;30.120143
ГБОУ Лицей № 369;каток;г.Санкт-Петербург, улица Маршала Захарова, дом 52, литера А;59.851837,30.206408;Красносельский;день;открытый;Нет;Нет;Нет;Нет;Нет;Имеется;59.851837;30.206408
Спортивный комплекс «Рубеж»;каток;г.Санкт-Петербург, проспект Ветеранов, дом 123, строение 1;59.834203,30.170341;Красносельский;день;закрытый;Да;Да;Да;Нет;Да;Имеется;59.834203;30.170341
Ледовый каток в Южно-Приморском парке;каток;г.Санкт-Петербург, Петергофское шоссе, дом 27, литера А;59.85068,30.173791;Красносельский;день;открытый;Да;Нет;Да;Да;Нет;Имеется;59.85068;30.173791
Яхт-клуб «Балтиец»;каток;г.Санкт-Петербург, Петергофское шоссе, дом 75, корпус 1, литера Б;59.857233,30.119451;Красносельский;день;открытый;Нет;Нет;Нет;Нет;Нет;Уличное освещение;59.857233;30.119451
Рынок «Юнона»;каток;г.Санкт-Петербург, улица Маршала Казакова, дом 35, литера А;59.862506,30.211044;Красносельский;день;открытый;Нет;Нет;Нет;Нет;Нет;Уличное освещение;59.862506;30.211044
СПб ГБУ «Центр физической культуры, спорта и здоровья Красносельского района»;каток;Санкт-Петербург, город Красное Село, улица Спирина, дом 18, литера А;59.738379081431795,30.079493522644047;Красносельский;день;открытый;Нет;Да;Нет;Нет;Нет;Внутридворовое освещение;59.738379081431795;30.079493522644047
"СПб ГБУ ""Центр физической культуры, спорта и здоровья Адмиралтейского района""";каток;г. Санкт-Петербург, ул. Можайская д.44-48, лит. А;59.913429,30.330735;Адмиралтейский;день;открытый;Нет;Нет;Да;Нет;Нет;Имеется;59.913429;30.330735
"СПб ГБУ ""Центр физической культуры, спорта и здоровья Адмиралтейского района""";каток;г. Санкт-Петербург, наб. реки Фонтанки, д.150;59.915652,30.285882;Адмиралтейский;день;открытый;Нет;Нет;Нет;Нет;Нет;Внутридворовое освещение;59.915652;30.285882
"СПб ГБУ ""Центр физической культуры, спорта и здоровья Адмиралтейского района""";каток;г. Санкт-Петербург, Лермонтовский пр., д.49;59.912608,30.297246;Адмиралтейский;день;открытый;Нет;Нет;Нет;Нет;Нет;Внутридворовое освещение;59.912608;30.297246
СПБ ГКУ «Парк «Екатерингоф»;лыжная трасса;г. Санкт-Петербург, ул. Лифляндская, д.12;59.902036,30.260164;Адмиралтейский;день;открытый;Нет;Нет;Нет;Нет;Нет;Парковое освещение;59.902036;30.260164
СПБ ГКУ «Парк «Екатерингоф»;лыжная трасса;г. Санкт-Петербург, ул. Лифляндская, д.5;59.901626,30.25507;Адмиралтейский;день;открытый;Нет;Нет;Нет;Нет;Нет;Парковое освещение;59.901626;30.25507
Новая Голландия;каток;г. Санкт-Петербург, наб. Адмиралтейского канала, д. 2;59.92961,30.287104;Адмиралтейский;день;открытый;Да;Да;Да;Да;Да;Имеется;59.92961;30.287104
Каток Музея железных дорог России;каток;г. Санкт-Петербург, Библиотечный переулок, д.4, корп.2;59.905344,30.297605;Адмиралтейский;день;открытый;Да;Да;Да;Да;Да;Имеется;59.905344;30.297605
СПб ГБУ «Центр физической культуры, спорта и здоровья Василеостровского района»;каток;Санкт-Петербург, Средний пр. В.О., д.87, к.2, лит. А;59.938788,30.250031;Василеостровский;ночь;закрытый;Да;Да;Да;Нет;Да;Имеется;59.938788;30.250031
СПб ГБУ «Центр физической культуры, спорта и здоровья Василеостровского района»;каток;Санкт-Петербург, 17 линия В.О., д.18;59.936895,30.267642;Василеостровский;день;открытый;Нет;Нет;Нет;Нет;Нет;Имеется;59.936895;30.267642
СПб ГБУ «Центр физической культуры, спорта и здоровья Василеостровского района»;каток;Санкт-Петербург, Наличная ул., д.5;59.930603,30.237997;Василеостровский;день;открытый;Нет;Нет;Нет;Нет;Нет;Отсутствует;59.930603;30.237997
СПб ГБУ «Центр физической культуры, спорта и здоровья Василеостровского района»;каток;Санкт-Петербург, Наличная ул., д.40, к.4;59.951319,30.228051;Василеостровский;день;открытый;Нет;Нет;Нет;Нет;Нет;Имеется;59.951319;30.228051
СПб ГБУ «Центр физической культуры, спорта и здоровья Василеостровского района»;каток;Санкт-Петербург, ул. Кораблестроителей, д.39, лит.Г;59.954515,30.231749;Василеостровский;день;открытый;Нет;Нет;Нет;Нет;Нет;Имеется;59.954515;30.231749
СПб ГБУ «Центр физической культуры, спорта и здоровья Василеостровского района»;каток;Санкт-Петербург, ул. Карташихина д.19;59.935709,30.240235;Василеостровский;день;открытый;Нет;Нет;Нет;Нет;Нет;Имеется;59.935709;30.240235
СПб ГБУ «Центр физической культуры, спорта и здоровья Василеостровского района»;каток;Санкт-Петербург, ул. Карташихина д.19;59.936065,30.240159;Василеостровский;день;открытый;Нет;Нет;Нет;Нет;Нет;Имеется;59.936065;30.240159
Каток у моря (Севкабель Порт);каток;Санкт-Петербург, Кожевенная линия, д.40, лит.Е;59.924957,30.239763;Василеостровский;день;открытый;Да;Да;Да;Да;Да;Имеется;59.924957;30.239763
Каток на Ваське;каток;Санкт-Петербург, ул. Кораблестроителей, д.14, лит.Б;59.938324,30.210576;Василеостровский;день;открытый;Да;Нет;Да;Да;Нет;Имеется;59.938324;30.210576
СПб ГБУ «Центр физической культуры, спорта и здоровья Василеостровского района»;лыжная трасса;Морская набережная;59.940523,30.209236;Василеостровский;день;открытый;Нет;Нет;Нет;Нет;Нет;Имеется (уличное);59.940523;30.209236
СПб ГБУ «Центр физической культуры, спорта и здоровья Василеостровского района»;лыжная трасса;Средний проспект (В.О.);59.933747,30.257208;Василеостровский;день;открытый;Нет;Нет;Нет;Нет;Нет;Имеется (уличное);59.933747;30.257208
СПб ГБУ «Центр физической культуры, спорта и здоровья Василеостровского района»;лыжная трасса;Уральская ул.;59.954065,30.238786;Василеостровский;день;открытый;Нет;Нет;Нет;Нет;Нет;Имеется (уличное);59.954065;30.238786
Каток в Брусницыне;каток;Кожевенная линия, д. 30;59.922134,30.25004;Василеостровский;день;открытый;Да;Да;Да;Да;Да;Имеется;59.922134;30.25004
СПб ГБУ «Центр спорта Выборгского района»;каток;улица Композиторов, д.1 к.1;60.045596,30.321443;Выборгский;день/ночь;открытый;Нет;Да;Нет;Нет;Да;Внутридворовое освещение;60.045596;30.321443
СПб ГБУ «Центр спорта Выборгского района»;каток;ул. Композиторов;60.053787,30.320268;Выборгский;день/ночь;открытый;Нет;Да;Нет;Нет;Нет;Внутридворовое освещение;60.053787;30.320268
СПб ГБУ «Центр спорта Выборгского района»;каток;пос. Парголово, Михайловка, Хабаровская ул.;60.084331,30.25133;Выборгский;день/ночь;открытый;Нет;Да;Нет;Нет;Нет;Внутридворовое освещение;60.084331;30.25133
СПб ГБУ «Центр спорта Выборгского района»;каток;пр. Художников;60.053468,30.359924;Выборгский;день/ночь;открытый;Нет;Да;Нет;Нет;Нет;Внутридворовое освещение;60.053468;30.359924
СПб ГБУ «Центр спорта Выборгского района»;каток;пр. Просвещения;60.047236,30.357742;Выборгский;день/ночь;открытый;Нет;Да;Нет;Нет;Нет;Объект имеет освещение;60.047236;30.357742
СПб ГБУ «Центр спорта Выборгского района»;каток;пр. Просвещения;60.05704,30.319647;Выборгский;день/ночь;открытый;Нет;Да;Нет;Нет;Нет;Объект имеет освещение;60.05704;30.319647
СПб ГБУ «Центр спорта Выборгского района»;каток;пр. Культуры;60.039935,30.366956;Выборгский;день/ночь;открытый;Нет;Да;Нет;Нет;Нет;Объект имеет освещение;60.039935;30.366956
СПб ГБУ «Центр спорта Выборгского района»;каток;пр. Художников;60.04374,30.351807;Выборгский;день/ночь;открытый;Нет;Да;Нет;Нет;Нет;Объект имеет освещение;60.04374;30.351807
СПб ГБУ «Центр спорта Выборгского района»;каток;пос. Парголово, ул. Первого Мая;60.073903,30.238185;Выборгский;день/ночь;открытый;Нет;Да;Нет;Нет;Нет;Объект имеет освещение;60.073903;30.238185
СПб ГБУ «Центр спорта Выборгского района»;каток;Светлановский пр., д. 3;60.005729,30.335236;Выборгский;день/ночь;открытый;Нет;Да;Нет;Нет;Нет;Внутридворовое освещение;60.005729;30.335236
СПб ГБУ «Центр спорта Выборгского района»;каток;Светлановский пр., д. 3;60.005729,30.335236;Выборгский;день/ночь;открытый;Нет;Да;Нет;Нет;Нет;Внутридворовое освещение;60.005729;30.335236
ТСЖ «18 квартал»;каток;пр. Просвещения, д. 33 к. 2;60.04955,30.342512;Выборгский;день/ночь;открытый;Нет;Нет;Нет;Нет;Нет;Внутридворовое освещение;60.04955;30.342512
Парк отдыха «Зима Лето»;каток;Выборгское шоссе, д. 130;60.057586,30.305412;Выборгский;день;открытый;Да;Нет;Да;Да;Да;Объект имеет освещение;60.057586;30.305412
ВИФК;каток;Литовская ул., д. 3;59.976913,30.342458;Выборгский;день/ночь;открытый;Нет;Нет;Нет;Нет;Нет;Объект имеет освещение;59.976913;30.342458
Ледовая арена «Гранд Каньеон Айс»;каток;пр. Суздальский, д. 29;60.060577,30.338533;Выборгский;день;закрытый;Да;Да;Да;Да;Да;Объект имеет освещение;60.060577;30.338533
Ледовая арена «Озерки»;каток;Большая Озёрная улица, д. 56;60.037261,30.305025;Выборгский;день/ночь;закрытый;Нет;Да;Да;Да;Нет;Объект имеет освещение;60.037261;30.305025
Ледовая арена «Озерки»;каток;Большая Озёрная улица, д. 56;60.037261,30.305025;Выборгский;день/ночь;закрытый;Нет;Да;Да;Да;Нет;Объект имеет освещение;60.037261;30.305025
Ледовый спортивный комплекс «Шанс Арена»;каток;улица Грибалёвой, д.9 к.1;59.984445,30.353525;Выборгский;день;закрытый;Да;Да;Да;Да;Да;Объект имеет освещение;59.984445;30.353525
Центр ледовых видов спорта «Парнас»;каток;6-й Верхний пер. 12, литера Б;60.074599,30.353831;Выборгский;день/ночь;закрытый;Да;Да;Да;Да;Да;Объект имеет освещение;60.074599;30.353831
ГБУ СШОР по лыжным гонкам;лыжная трасса;Выборгское шоссе, д. 369;60.073777,30.282523;Выборгский;день;открытый;Нет;Нет;Нет;Нет;Нет;Парковое освещение;60.073777;30.282523
СПб ГБУ «Центр спорта Выборгского района»;лыжная трасса;Северный пр., д. 11;60.030551,30.342207;Выборгский;день/ночь;открытый;Нет;Да;Нет;Нет;Нет;Парковое освещение;60.030551;30.342207
СПб ГБУ «Центр спорта Выборгского района»;лыжная трасса;Береговая ул., д. 4;60.037492,30.313306;Выборгский;день/ночь;открытый;Нет;Да;Нет;Нет;Нет;Освещение отсутствует;60.037492;30.313306
ТСЖ «Поэтический 1/1»;каток;Поэтический бульвар, д. 1;60.044765,30.339467;Выборгский;день/ночь;открытый;Нет;Нет;Нет;Нет;Нет;Внутридворовое освещение;60.044765;30.339467
СПб ГБУ »Центр физической культуры, спорта и здоровья Калининского района;каток;г.Санкт-Петербург, Светлановский проспект, дом 97;60.034641,30.396052;Калининский;день;открытый;Нет;Да;Нет;Нет;Нет;Имеется;60.034641;30.396052
СПб ГБУ »Центр физической культуры, спорта и здоровья Калининского района;каток;Санкт-Петербург, ул. Черкасова, д. 12, к. 1;60.030375,30.424573;Калининский;день;открытый;Нет;Да;Нет;Нет;Нет;Имеется;60.030375;30.424573
СПб ГБУ »Центр физической культуры, спорта и здоровья Калининского района;каток;Санкт-Петербург, Гражданский пр., д. 127;60.037944,30.426163;Калининский;день;открытый;Нет;Да;Нет;Нет;Нет;Имеется;60.037944;30.426163
СПб ГБУ »Центр физической культуры, спорта и здоровья Калининского района;каток;Санкт-Петербург, ул. Герасимовская, д. 14;59.981933,30.405682;Калининский;день;открытый;Нет;Да;Нет;Нет;Нет;Имеется;59.981933;30.405682
СПб ГБУ »Центр физической культуры, спорта и здоровья Калининского района;каток;Санкт-Петербург, Меншиковский пр., д. 15, к. 2;59.996043,30.432227;Калининский;день;открытый;Нет;Да;Нет;Нет;Нет;Имеется;59.996043;30.432227
СПб ГБУ »Центр физической культуры, спорта и здоровья Калининского района;каток;Санкт-Петербург, Тихорецкий пр., д. 9, к. 6;60.014288,30.372938;Калининский;день;открытый;Нет;Нет;Нет;Нет;Нет;Отсутствует;60.014288;30.372938
СПб ГБУ »Центр физической культуры, спорта и здоровья Калининского района;каток;Санкт-Петербург, пр. Культуры, д. 9, к. 2;60.037342,30.372489;Калининский;день;открытый;Нет;Нет;Нет;Нет;Нет;Имеется;60.037342;30.372489
СПб ГБУ »Центр физической культуры, спорта и здоровья Калининского района;каток;Санкт-Петербург, ул. Софьи Ковалевской, д. 11, к.3;60.014626,30.416641;Калининский;день;открытый;Нет;Да;Нет;Нет;Нет;Отсутствует;60.014626;30.416641
СПб ГБУ »Центр физической культуры, спорта и здоровья Калининского района;каток;Санкт-Петербург, Суздальский пр., д. 73;60.049228,30.393812;Калининский;день;открытый;Нет;Да;Нет;Нет;Нет;Имеется;60.049228;30.393812
СПб ГБУ »Центр физической культуры, спорта и здоровья Калининского района;каток;г.Санкт-Петербург, улица Академика Байкова, дом 5, корпус 2, литера А;60.028218,30.370423;Калининский;день;открытый;Нет;Да;Нет;Нет;Нет;Отсутствует;60.028218;30.370423
ГБОУ СОШ № 98;каток;Санкт-Петербург, Гражданский пр., д. 92, корп. 3, лит. А;60.020039,30.399959;Калининский;день;открытый;Нет;Нет;Нет;Нет;Нет;Имеется;60.020039;30.399959
"СПБ ГАУ ""Дирекция по управлению спортивными сооружениями""";каток;Санкт-Петербург, ул. Демьяна Бедного, д.19, корп. 2, лит. А;60.044512,30.391053;Калининский;день;открытый;Да;Нет;Да;Да;Да;Имеется;60.044512;30.391053
"СПБ ГАУ ""Дирекция по управлению спортивными сооружениями""";каток;Санкт-Петербург, ул. Демьяна Бедного, д.19, корп. 2, лит. А;60.044512,30.391053;Калининский;день;открытый;Да;Нет;Да;Да;Нет;Имеется;60.044512;30.391053
"СПБ ГАУ ""Дирекция по управлению спортивными сооружениями""";каток;Санкт-Петербург, ул. Демьяна Бедного, д.19, корп. 2, лит. А;60.044512,30.391053;Калининский;день;открытый;Да;Нет;Да;Да;Нет;Имеется;60.044512;30.391053
ГБУ СШОР по хоккею;каток;Санкт-Петербург, ул. Бутлерова д.36;60.008222,30.402166;Калининский;день;закрытый;Да;Да;Да;Да;Да;Имеется;60.008222;30.402166
ООО ДСИ Зенит;каток;Санкт-Петербург, ул. Бутлерова д.9;60.001821,30.398262;Калининский;день;закрытый;Нет;Нет;Да;Да;Нет;Имеется;60.001821;30.398262
МО Пискаревка;каток;Санкт-Петербург, ул. Карпинского, д. 23, корп. 2;60.008348,30.427831;Калининский;день;открытый;Нет;Нет;Нет;Нет;Нет;Имеется;60.008348;30.427831
МО Пискаревка;каток;Санкт-Петербург, Пискарёвский проспект, д. 52;59.989902,30.428549;Калининский;день;открытый;Нет;Нет;Нет;Нет;Нет;Имеется;59.989902;30.428549
МО Гражданка;каток;Санкт-Петербург, пр. Науки, д. 45, корп. 2;60.006289,30.413738;Калининский;день;открытый;Нет;Нет;Нет;Нет;Нет;Имеется;60.006289;30.413738
МО «Прометей»;каток;Санкт-Петербург, ул. Учительская д.12 к.1;60.034543,30.396941;Калининский;день;открытый;Нет;Нет;Нет;Нет;Нет;Имеется;60.034543;30.396941
ГБОУ СОШ №69;каток;г.Санкт-Петербург, проспект Культуры, дом 27, корпус 3, литера А;60.047223,30.384589;Калининский;день;открытый;Нет;Нет;Нет;Нет;Нет;Имеется;60.047223;30.384589
ТСЖ «Новое созвездие»;каток;г.Санкт-Петербург, пр. Просвещения 99;60.033185,30.428607;Калининский;день;открытый;Нет;Нет;Нет;Нет;Нет;Имеется;60.033185;30.428607
СПб ГБУ «Центр физической культуры, спорта и здоровья Калининского района»;лыжная трасса;г.Санкт-Петербург, улица Бутлерова, дом 4, литера Л;59.999622,30.395221;Калининский;день;открытый;Нет;Нет;Нет;Нет;Нет;Парковое освещение;59.999622;30.395221
СПб ГБУ «Центр физической культуры, спорта и здоровья Калининского района»;лыжная трасса;г.Санкт-Петербург, проспект Луначарского, дом 98, корпус 1, литера А;60.027488,30.398502;Калининский;день;открытый;Нет;Нет;Нет;Нет;Нет;Парковое освещение;60.027488;30.398502
СПб ГБУ «Центр физической культуры, спорта и здоровья Калининского района»;лыжная трасса;г.Санкт-Петербург, проспект Просвещения, дом 61, литера А;60.04125,30.386929;Калининский;день;открытый;Нет;Нет;Нет;Нет;Нет;Парковое освещение;60.04125;30.386929
СПб ГБУ «Центр физической культуры, спорта и здоровья Калининского района»;лыжная трасса;г.Санкт-Петербург, Замшина улица, дом 31, корпус 4, литера А;59.979728,30.415263;Калининский;день;открытый;Нет;Нет;Нет;Нет;Нет;Парковое освещение;59.979728;30.415263
"СПб ГБУ Спортивная школа олимпийского резерва по хоккею ""Динамо-юниор""";каток;Санкт-Петербург, ул.Фаворского 7;60.002512,30.37648;Калининский;день;закрытый;Нет;Нет;Нет;Нет;Нет;Имеется;60.002512;30.37648
СПб ГБУ ЦФКиС Нарвская застава;каток;Пр. Народного Ополчения, д.24;59.841597,30.276238;Кировский;день;открытый;Да;Да;Нет;Нет;Нет;Да;59.841597;30.276238
СПб ГБУ ЦФКиС Нарвская застава;каток;Ул. Маршала Казакова, д.10, к.2;59.859075,30.240797;Кировский;день;открытый;Нет;Да;Нет;Нет;Нет;Нет;59.859075;30.240797
СПб ГБУ ЦФКиС Нарвская застава;каток;Новаторов бульвар, дом 45;59.84706,30.266292;Кировский;день;открытый;Нет;Да;Нет;Нет;Нет;Да;59.84706;30.266292
СПб ГБУ ЦФКиС Нарвская застава;каток;Канонерский остров, д.7;59.897638,30.212227;Кировский;день;открытый;Нет;Да;Нет;Нет;Нет;Да;59.897638;30.212227
СПб ГБУ ЦФКиС Нарвская застава;каток;Ул.Подводника Кузьмина, д..17;59.843541,30.263126;Кировский;день;открытый;Нет;Да;Нет;Нет;Нет;Нет;59.843541;30.263126
СПб ГБУ ЦФКиС Нарвская застава;лыжная трасса;Пр. Народного Ополчения, д.24;59.841597,30.276238;Кировский;день;открытый;Да;Нет;Нет;Нет;Нет;Да;59.841597;30.276238
СПб ГБУ ЦФКиС Нарвская застава;лыжная трасса;г.Санкт-Петербург, улица Козлова, дом 47, корпус 1, литера А;59.828501,30.230581;Кировский;день;открытый;Нет;Нет;Нет;Нет;Нет;Да;59.828501;30.230581
СПб ГБУ ЦФКиС Нарвская застава;лыжная трасса;Ул. Счастливая;59.844587,30.274048;Кировский;день;открытый;Нет;Нет;Нет;Нет;Нет;Да;59.844587;30.274048
СПб ГБУ ЦФКиС Нарвская застава;лыжная трасса;Стачек проспект, дом 99;59.858488,30.250733;Кировский;день;открытый;Нет;Нет;Нет;Нет;Нет;Нет;59.858488;30.250733
СПб ГБУ ЦФКиС Нарвская застава;каток;Санкт-Петербург, муниципальный округ Морские ворота, набережная реки Екатерингофки, дом 23, литера А;59.907376,30.256097;Кировский;день;открытый;Нет;Нет;Нет;Нет;Нет;Нет;59.907376;30.256097
МО Нарвский округ;каток;Ул. Гладкова, д.7/10;59.898098,30.272309;Кировский;день;открытый;Нет;Нет;Нет;Нет;Нет;Нет;59.898098;30.272309
Ледовая арена Айсберг;каток;Пр.Стачек,д.45,корп.2;59.888008,30.260454;Кировский;день/ночь;закрытый;Да;Да;Да;Да;Да;Да;59.888008;30.260454
СПб ГБУ ПМЦ Кировский;каток;Трамвайный пр. ,д.11,корп.5;59.853657,30.259735;Кировский;день;открытый;Нет;Нет;Нет;Нет;Нет;Да;59.853657;30.259735
СПб ГБУ ПМЦ Кировский;каток;г.Санкт-Петербург, улица Лёни Голикова, дом 64, литера А;59.839685,30.242805;Кировский;день;открытый;Нет;Нет;Нет;Нет;Нет;Да;59.839685;30.242805
СПб ГБОУ СОШ №392;каток;Ветеранов проспект, дом 87, корп. 2;59.835368,30.21882;Кировский;день;открытый;Нет;Нет;Нет;Нет;Нет;Нет;59.835368;30.21882
Муниципальное образование Автово;каток;Краснопутиловская ул., д.57;59.866469,30.274485;Кировский;день;открытый;Нет;Нет;Нет;Нет;Нет;Нет;59.866469;30.274485
Санкт-Петербургское государственное казенное учреждение «Агентство благоустройства и коммунального хозяйства Колпинского района»;каток;Санкт-Петербург, г.Колпино, пр.Ленина, д.15/9;59.750447,30.587222;Колпинский;день/ночь;открытый;Нет;Нет;Нет;Нет;Нет;Имеется;59.750447;30.587222
Санкт-Петербургское государственное казенное учреждение «Агентство благоустройства и коммунального хозяйства Колпинского района»;каток;Санкт-Петербург, г.Колпино, ул.Загородная, д.62;59.775295,30.592326;Колпинский;день/ночь;открытый;Нет;Нет;Нет;Нет;Нет;Отсутствует;59.775295;30.592326
Государственное бюджетное учреждение дополнительного образования спортивная школа олимпийского резерва Колпинского района Санкт-Петербурга;каток;Санкт-Петербург, г. Колпино, ул. Анисимова, д. 3;59.734913,30.604635;Колпинский;день;открытый;Нет;Нет;Нет;Нет;Нет;Имеется;59.734913;30.604635
Государственное бюджетное учреждение спортивная школа имени олимпийского чемпиона Николая Дроздецкого Колпинского района Санкт-Петербурга;каток;Санкт-Петербург, г.Колпино, ул.Танкистов, д.26, корп.2, лит.А;59.745345,30.567468;Колпинский;день/ночь;закрытый;Нет;Нет;Да;Нет;Нет;Имеется;59.745345;30.567468
Санкт-Петербургское государственное бюджетное учреждение «Спортивно-оздоровительный комплекс Колпинского района «Ижорец»;каток;Санкт-Петербург, г.Колпино, ул. Тверская, д. 25, лит. А;59.7404,30.604877;Колпинский;день;открытый;Да;Да;Да;Да;Нет;Имеется;59.7404;30.604877
Санкт-Петербургское государственное бюджетное учреждение «Спортивно-оздоровительный комплекс Колпинского района «Ижорец»;каток;Лагерное шоссе, дом 11;59.780827,30.656967;Колпинский;день;открытый;Да;Нет;Да;Нет;Нет;Имеется;59.780827;30.656967
Санкт-Петербургское государственное бюджетное учреждение «Спортивно-оздоровительный комплекс Колпинского района «Ижорец»;каток;Санкт-Петербург, пос. Металлострой, ул. Пушкинская д. 3А, строение 1;59.806173,30.57919;Колпинский;день;закрытый;Да;Да;Да;Да;Нет;Имеется;59.806173;30.57919
Хоккейный клуб «Колпино»;каток;Санкт-Петербург, г.Колпино, ул. Тверская, д. 25, лит. А;59.736906,30.606302;Колпинский;день;закрытый;Нет;Нет;Да;Нет;Нет;Имеется;59.736906;30.606302
Санкт-Петербургское государственное казенное учреждение «Агентство благоустройства и коммунального хозяйства Колпинского района»;каток;Санкт-Петербург, г.Колпино, ул. Пролетарская, д.2;59.733889,30.593856;Колпинский;день/ночь;открытый;Нет;Нет;Нет;Нет;Нет;Имеется;59.733889;30.593856
Санкт-Петербургское государственное бюджетное учреждение «Спортивно-оздоровительный комплекс Колпинского района «Ижорец»;лыжная трасса;Санкт-Петербург, пос. Металлострой, ул. Центральная, д.19, корп.3;59.810838,30.581509;Колпинский;день/ночь;открытый;Нет;Нет;Нет;Нет;Нет;Имеется частичное освещение;59.810838;30.581509
Государственное бюджетное учреждение дополнительного образования спортивная школа олимпийского резерва Колпинского района Санкт-Петербурга;лыжная трасса;Санкт-Петербург, г.Колпино, ул. Октябрьская, д. 4;59.743309,30.616873;Колпинский;день/ночь;открытый;Нет;Нет;Нет;Нет;Нет;Имеется частичное освещение;59.743309;30.616873
Государственное бюджетное учреждение дополнительного образования спортивная школа олимпийского резерва Колпинского района Санкт-Петербурга;лыжная трасса;Санкт-Петербург,г.Колпино, ул.Красная, д. 1;59.742478,30.600937;Колпинский;день/ночь;открытый;Нет;Нет;Нет;Нет;Нет;Имеется частичное освещение;59.742478;30.600937
Санкт-Петербургское государственное бюджетное учреждение «Спортивно-оздоровительный комплекс Колпинского района «Ижорец»;лыжная трасса;Лагерное шоссе, дом 11;59.780827,30.656967;Колпинский;день/ночь;открытый;Нет;Нет;Нет;Нет;Нет;Имеется частичное освещение;59.780827;30.656967
Санкт-Петербургское государственное бюджетное учреждение «Спортивно-оздоровительный комплекс Колпинского района «Ижорец»;лыжная трасса;Санкт-Петербург, г.Колпино, ул. Пролетарская, д.2;59.733889,30.593856;Колпинский;день/ночь;открытый;Нет;Нет;Нет;Нет;Нет;Имеется частичное освещение;59.733889;30.593856
ТРЦ «ОКА» Ледовый каток «Каррамба»;каток;Санкт-петербург, г.Колпино, ул. Октябрьская, д.4;59.738554,30.623817;Колпинский;день;закрытый;Да;Да;Нет;Нет;Нет;Имеется;59.738554;30.623817
Санкт-Петербургское государственное бюджетное учреждение «Спортивно-оздоровительный комплекс Колпинского района «Ижорец»;лыжная трасса;Санкт-Петербург, посёлок Сапёрный, Дорожная улица, дом 11, литера А;59.778313,30.689653;Колпинский;день/ночь;открытый;Нет;Нет;Нет;Нет;Нет;Имеется;59.778313;30.689653
ГБОУ ДОД «Центр Физкультура и Здоровье», спортивный комплекс «Кристалл»;каток;пр. Маршала Блюхера, д. 44, корп. 3;59.976963,30.425543;Красногвардейский;день;закрытый;Нет;Да;Да;Нет;Нет;Имеется;59.976963;30.425543
ГБОУ ДОД «Центр Физкультура и Здоровье»;каток;Индустриальный пр., д. 26/24;59.947982,30.473918;Красногвардейский;день;открытый;Нет;Да;Нет;Нет;Нет;Имеется;59.947982;30.473918
ГБОУ ДОД «Центр Физкультура и Здоровье»;каток;Заневский пр., д. 53;59.928054,30.425975;Красногвардейский;день;открытый;Нет;Да;Нет;Нет;Нет;Имеется;59.928054;30.425975
ГБОУ ДОД «Центр Физкультура и Здоровье»;каток;пр. Маршала Блюхера, д. 38, корп. 4;59.976855,30.422345;Красногвардейский;день;открытый;Нет;Да;Нет;Нет;Нет;Имеется;59.976855;30.422345
ГБОУ ДОД «Центр Физкультура и Здоровье»;каток;ул. Маршала Тухачевского, д. 3;59.961724,30.432353;Красногвардейский;день;открытый;Нет;Да;Нет;Нет;Нет;Имеется;59.961724;30.432353
ГБОУ ДОД «Центр Физкультура и Здоровье»;каток;пр. Металлистов, д. 66;59.95835,30.421914;Красногвардейский;день;открытый;Нет;Да;Нет;Нет;Нет;Имеется;59.95835;30.421914
ГБОУ ДОД «Центр Физкультура и Здоровье»;каток;ул. Корнея Чуковского, д. 3;60.028375,30.454703;Красногвардейский;день;открытый;Нет;Да;Нет;Нет;Нет;Имеется;60.028375;30.454703
"ГБОУ ДОД ""Центр Физкультура и Здоровье""";лыжная трасса;Индустриальный проспект;59.96017,30.46259;Красногвардейский;день;открытый;Нет;Нет;Нет;Нет;Нет;Частичное коммунальное освещение;59.96017;30.46259
"ГБОУ ДОД ""Центр Физкультура и Здоровье""";лыжная трасса;Апрельская улица;59.965048,30.419866;Красногвардейский;день;открытый;Нет;Нет;Нет;Нет;Нет;Частичное коммунальное освещение;59.965048;30.419866
Государственное бюджетное учреждение спортивная школа Красногвардейского района Санкт-Петербурга;лыжная трасса;Лесная улица;60.001226,30.141577;Красногвардейский;день/ночь;открытый;Нет;Нет;Нет;Нет;Нет;Частичное коммунальное освещение;60.001226;30.141577
СПб ГБУ «Подростково-молодежный центр «Охта»;каток;ул. Тухачевского д.41;59.969758,30.424618;Красногвардейский;день;открытый;Нет;Нет;Нет;Нет;Нет;Частичное коммунальное освещение;59.969758;30.424618
"СПб ГАО ""Дирекция по управлению спортивными сооружениями""";каток;ул. Передовиков, д. 14, к. 2;59.944539,30.459078;Красногвардейский;день;закрытый;Нет;Нет;Нет;Нет;Нет;Имеется;59.944539;30.459078
"СК ""Красная Звезда""";каток;Ириновский проспект, дом 24, корпус 1;59.9588,30.474933;Красногвардейский;день;закрытый;Да;Да;Да;Да;Да;Имеется;59.9588;30.474933
"Всесезонная ледовая арена Go Ice (ИП ""Подстрешный Л.С"")";каток;Магнитогорская, д. 51, лит. Ф;59.936692,30.430736;Красногвардейский;день;закрытый;Да;Да;Да;Да;Да;Имеется;59.936692;30.430736
"Ледовая арена ""Трудовые резервы""";каток;ул. Магнитогорская, д. 51, лит. В;59.937716,30.433026;Красногвардейский;день;закрытый;Да;Да;Да;Да;Нет;Имеется;59.937716;30.433026
Федерация керлинга Санкт-Петербурга;каток;пр. Ириновский, д. 40;59.961629,30.484742;Красногвардейский;день;закрытый;Да;Да;Да;Да;Нет;Имеется;59.961629;30.484742
ГБОУ ДОД «Центр Физкультура и Здоровье»;каток;пр. Шаумяна, д. 69;59.923924,30.42369;Красногвардейский;день;открытый;Нет;Да;Нет;Нет;Нет;Имеется;59.923924;30.42369
Большой зимний каток у Охта Молла;каток;Брантовская дорога, д. 3;59.94123432964758,30.417191013693817;Красногвардейский;день;открытый;Да;Нет;Да;Да;Да;Имеется;59.94123432964758;30.417191013693817
СПБ ГБУ «Кронштадтский ОСЦ»;каток;СПб, г.Кронштадт, Тулонская аллея, д.11;59.98545671721552,29.79961321389528;Кронштадтский;день;открытый;Да;Нет;Да;Нет;Нет;Имеется;59.98545671721552;29.79961321389528
СПБ ГБУ «Кронштадтский ОСЦ»;лыжная трасса;СПб, г.Кронштадт, Тулонская аллея, д.11;59.98545671721552,29.79961321389528;Кронштадтский;день;открытый;Да;Да;Да;Нет;Нет;Имеется;59.98545671721552;29.79961321389528
"СПб ГБУ ""Кронштадтский ОСЦ""";каток;СПб, г.Кронштадт, ул.Станюковича, д.6;60.00968215044056,29.721402085060838;Кронштадтский;день;открытый;Нет;Да;Нет;Нет;Нет;Имеется;60.00968215044056;29.721402085060838
"СПб ГБУ ""Кронштадтский ОСЦ""";каток;СПб, г.Кронштадт, ул.Зосимова, д.9;59.99772247781833,29.759086642730814;Кронштадтский;день;открытый;Нет;Да;Нет;Нет;Нет;Имеется;59.99772247781833;29.759086642730814
"СПб ГБУ ""Кронштадтский ОСЦ""";каток;СПб, г.Кронштадт, ул.Советская, д.15;59.99298956202367,29.782176100401074;Кронштадтский;день;открытый;Нет;Нет;Нет;Нет;Нет;Внтридворовое освещение;59.99298956202367;29.782176100401074
"СПб ГБУ ""Кронштадтский ОСЦ""";каток;СПб, г.Кронштадт, ул.Красная, д.8;59.988826239162776,29.77418098321382;Кронштадтский;день;открытый;Нет;Да;Нет;Нет;Нет;Внутридворовое освещение;59.988826239162776;29.77418098321382
АО «Концерн «Морское подводное оружие-Гидроприбор», База отдыха Прибой, ГКУ «Дирекция особо охраняемых природных территорий Санкт-Петербурга;лыжная трасса;Зеленогорск, пр. Ленина, д.63а;60.208819,29.720182;Курортный;день;открытый;Да;Нет;Да;Нет;Нет;нет;60.208819;29.720182
Государственное бюджетное учреждение спортивная школа олимпийского резерва Курортного района Санкт-Петербурга;лыжная трасса;Зеленогорск, ул. Объездная, д. 7;60.195984,29.717322;Курортный;день;открытый;Нет;Нет;Да;Да;Нет;да;60.195984;29.717322
"Санкт-Петербургское государственное бюджетное учреждение культуры ""Зеленогорский парк культуры и отдыха""";каток;Зеленогорск, Приморское ш.,          д .536, лит. А;60.19207884111467,29.69896048852033;Курортный;день;открытый;Да;Нет;Да;Нет;Нет;да;60.19207884111467;29.69896048852033
"Санкт-Петербургское государственное бюджетное учреждение культуры ""Парк культуры и отдыха ""Дубки"" (Большой ледовый каток)";каток;Сестрорецк, Дубковское шоссе 44, лит А;60.091931,29.941715;Курортный;день;открытый;Да;Да;Да;Да;Нет;да;60.091931;29.941715
"Санкт-Петербургское государственное бюджетное учреждение культуры ""Парк культуры и отдыха ""Дубки"" (Хоккейная коробка)";каток;Сестрорецк, Дубковское шоссе 44;60.091331,29.94193;Курортный;день;открытый;Да;Да;Да;Да;Нет;да;60.091331;29.94193
"Санкт-Петербургское государственное бюджетное учреждение культуры ""Парк культуры и отдыха ""Дубки""";лыжная трасса;Сестрорецк,  Дубковское ш., д. 44 , литера И;60.088908,29.933647;Курортный;день/ночь;открытый;Да;Да;Да;Да;Нет;да;60.088908;29.933647
"Санкт-Петербургское государственное бюджетное учреждение культуры ""Парк культуры и отдыха ""Дубки""";лыжная трасса;. Сестрорецк,  Дубковское ш., д. 44, литера И;60.09368,29.93904;Курортный;день/ночь;открытый;Да;Да;Да;Да;Нет;нет;60.09368;29.93904
"Санкт-Петербургское государственное бюджетное учреждение ""ЦФКС и З Курортного района Санкт-Петербурга""";каток;Сестрорецк;60.105669,29.977545;Курортный;день;открытый;Нет;Нет;Нет;Нет;Нет;нет;60.105669;29.977545
"Санкт-Петербургское государственное бюджетное учреждение ""ЦФКС и З Курортного района Санкт-Петербурга""";каток;Сестрорецк, наб.  реки Сестры, д.12;60.09903,29.968139;Курортный;день;закрытый;Да;Да;Да;Нет;Нет;да;60.09903;29.968139
"Санкт-Петербургское государственное бюджетное учреждение ""ЦФКС и З Курортного района Санкт-Петербурга""";каток;Сестрорецк, ул.Токарева;60.091588,29.957216;Курортный;день;открытый;Нет;Нет;Нет;Нет;Нет;да;60.091588;29.957216
"Санкт-Петербургское государственное бюджетное учреждение ""ЦФКС и З Курортного района Санкт-Петербурга""";лыжная трасса;Сестрорецк;60.105499,29.977037;Курортный;день;открытый;Нет;Нет;Нет;Нет;Нет;нет;60.105499;29.977037
"Санкт-Петербургское государственное бюджетное учреждение ""ЦФКС и З Курортного района Санкт-Петербурга""";лыжная трасса;Сестрорецк;60.105499,29.977037;Курортный;день;открытый;Нет;Нет;Нет;Нет;Нет;нет;60.105499;29.977037
"Санкт-Петербургское государственное бюджетное учреждение ""ЦФКС и З Курортного района Санкт-Петербурга""";лыжная трасса;Сестрорецк;60.105499,29.977037;Курортный;день;открытый;Нет;Нет;Нет;Нет;Нет;нет;60.105499;29.977037
"Санкт-Петербургское государственное бюджетное учреждение ""ЦФКС и З Курортного района Санкт-Петербурга""";лыжная трасса;Сестрорецк;60.068242,29.960314;Курортный;день;открытый;Нет;Нет;Нет;Нет;Нет;нет;60.068242;29.960314
СПб ГБУ «ЦФКС и З Курортного района Санкт-Петербурга»;каток;Песочный, ул.Ленинградская, д. 70,;60.118277,30.185007;Курортный;день;открытый;Нет;Нет;Нет;Нет;Нет;внутридворовое освещение;60.118277;30.185007
"Санкт-Петербургское государственное бюджетное учреждение ""ЦФКС и З Курортного района Санкт-Петербурга""";лыжная трасса;Песочный,;60.117339,30.151754;Курортный;день;открытый;Нет;Нет;Нет;Нет;Нет;нет;60.117339;30.151754
"Санкт-Петербургское государственное бюджетное учреждение ""ЦФКС и З Курортного района Санкт-Петербурга""";лыжная трасса;Песочный;60.12327,30.114337;Курортный;день;открытый;Нет;Нет;Нет;Нет;Нет;нет;60.12327;30.114337
"Санкт-Петербургское государственное бюджетное учреждение ""ЦФКС и З Курортного района Санкт-Петербурга""";лыжная трасса;Сестрорецк;60.086804,29.970415;Курортный;день;открытый;Нет;Нет;Нет;Нет;Нет;нет;60.086804;29.970415
"Санкт-Петербургское государственное бюджетное учреждение ""ЦФКС и З Курортного района Санкт-Петербурга""";лыжная трасса;Комарово;60.211047,29.790783;Курортный;день;открытый;Нет;Нет;Нет;Нет;Нет;нет;60.211047;29.790783
"Санкт-Петербургское государственное бюджетное учреждение ""ЦФКС и З Курортного района Санкт-Петербурга""";лыжная трасса;Сестрорецк, пляж;60.094372,29.939667;Курортный;день;открытый;Нет;Нет;Нет;Нет;Нет;нет;60.094372;29.939667
"Санкт-Петербургское государственное бюджетное учреждение ""ЦФКС и З Курортного района Санкт-Петербурга""";лыжная трасса;Сестрорецк;60.117163,29.966075;Курортный;день;открытый;Нет;Нет;Нет;Нет;Нет;нет;60.117163;29.966075
Санкт-Петербургское региональное общественное учреждение «Спортивный клуб «Пухтолова гора»;горнолыжный склон;Зеленогорск;60.232162,29.683729;Курортный;день;открытый;Да;Да;Да;Да;Да;да;60.232162;29.683729
Санкт-Петербургское региональное общественное учреждение «Спортивный клуб «Пухтолова гора»;горнолыжный склон;Зеленогорск;60.232162,29.683729;Курортный;день;открытый;Да;Да;Да;Да;Да;да;60.232162;29.683729
Санкт-Петербургское региональное общественное учреждение «Спортивный клуб «Пухтолова гора»;каток;Зеленогорск;60.231997,29.685188;Курортный;день;открытый;Да;Да;Да;Да;Да;да;60.231997;29.685188
"СПб ГБУ ""Спортивный центр ""Физкультура и здоровье"" (внутридворовая спортивная площадка)";каток;г. Санкт-Петербург, Московский пр.,  д.134, лит.А;59.887711,30.320378;Московский;день;открытый;Нет;Да;Нет;Нет;Нет;Имеется;59.887711;30.320378
"СПб ГБУ ""Спортивный центр ""Физкультура и здоровье"" (внутридворовая спортивная площадка)";каток;г. Санкт-Петербург, ул. Пилотов, д.20, корп. 2;59.81022,30.29845;Московский;день;открытый;Нет;Да;Нет;Нет;Нет;Имеется;59.81022;30.29845
"СПб ГБУ ""Спортивный центр ""Физкультура и здоровье"" (внутридворовая спортивная площадка)";каток;г. Санкт-Петербург, Новоизмайловский пр., дом 38, корпус 4;59.856835,30.309319;Московский;день;открытый;Нет;Да;Нет;Нет;Нет;Имеется;59.856835;30.309319
"СПб ГБУ ""Спортивный центр ""Физкультура и здоровье"" (внутридворовая спортивная площадка)";каток;г. Санкт-Петербург, Алтайская ул., (южнее дома 17);59.846842,30.327177;Московский;день;открытый;Нет;Да;Нет;Нет;Нет;Имеется;59.846842;30.327177
"СПб ГБУ ""Спортивный центр ""Физкультура и здоровье"" (внутридворовая спортивная площадка)";каток;г. Санкт-Петербург, Яковлевский переулок, дом 6;59.873631,30.32367;Московский;день;открытый;Нет;Да;Нет;Нет;Нет;Имеется;59.873631;30.32367
"СПб ГБУ ""Спортивный центр ""Физкультура и здоровье"" (внутридворовая спортивная площадка)";каток;г. Санкт-Петербург, Краснопутиловская ул, дом 78;59.856008,30.300938;Московский;день;открытый;Нет;Да;Нет;Нет;Нет;Имеется;59.856008;30.300938
"СПб ГБУ ""ЦФКСиЗ Московского района"" Ледовая Арена";каток;г. Санкт-Петербург, Космонавтов пр., д. 47;59.850349,30.351998;Московский;день;закрытый;Да;Да;Да;Да;Да;Имеется;59.850349;30.351998
"""Парк Победы""";каток;г. Санкт-Петербург, Московский пр., д. 188;59.866319,30.321986;Московский;день;открытый;Да;Нет;Да;Да;Да;Имеется;59.866319;30.321986
"СПб ГБУ ""ЦФКСиЗ Московского района"" Ледовая Арена";лыжная трасса;г. Санкт-Петербург, Космонавтов пр., д. 47;59.850349,30.351998;Московский;день;открытый;Нет;Нет;Нет;Нет;Нет;Имеется;59.850349;30.351998
"СПб ГБУ ""Спортивный центр ""Физкультура и здоровье"" (внутридворовая спортивная площадка)";лыжная трасса;г. Санкт-Петербург, Московский пр., д. 188;59.866319,30.321986;Московский;день;открытый;Нет;Нет;Нет;Нет;Нет;Имеется;59.866319;30.321986
"СПб ГБУ ""Спортивный центр ""Физкультура и здоровье"" (внутридворовая спортивная площадка)";лыжная трасса;г. Санкт-Петербург, Московское ш., д. 2;59.838372,30.32601;Московский;день;открытый;Нет;Нет;Нет;Нет;Нет;Имеется;59.838372;30.32601
"СПб ГБУ ""Спортивный центр ""Физкультура и здоровье"" (внутридворовая спортивная площадка)";лыжная трасса;г. Санкт-Петербург, Кубинская ул., д.21;59.867913,30.30092;Московский;день;открытый;Нет;Нет;Нет;Нет;Нет;Имеется;59.867913;30.30092
СПб ГБУ «ЦФКСиЗ Петроградского района»;каток;Санкт-Петербург, улица Куйбышева, дом 33\8, литера А;59.95734,30.33466;Петроградский;день;открытый;Нет;Нет;Нет;Нет;Нет;Внутридворовое;59.95734;30.33466
СПб ГБУ «ЦФКСиЗ Петроградского района»;каток;Санкт-Петербург, улица Рентгена, дом 6, литера А;59.96439,30.31613;Петроградский;день;открытый;Нет;Нет;Нет;Нет;Нет;Да;59.96439;30.31613
СПб ГБУК МДК ЦПКиО им. С.М. Кирова;каток;Санкт-Петербург, Елагин остров, дом 4, литера Б;59.98084,30.26631;Петроградский;день;открытый;Да;Нет;Да;Нет;Да;Да;59.98084;30.26631
СПб ГБУК МДК ЦПКиО им. С.М. Кирова;каток;Санкт-Петербург, Елагин остров, дом 4, литера Б;59.98045,30.2512;Петроградский;день;открытый;Да;Нет;Да;Нет;Да;Да;59.98045;30.2512
СПб ГБУК МДК ЦПКиО им. С.М. Кирова;лыжная трасса;Санкт-Петербург, Елагин остров, дом 4, литера Б;59.97633,30.25855;Петроградский;день;открытый;Да;Нет;Да;Нет;Да;Да;59.97633;30.25855
ООО «СК «Юбилейный»;каток;Санкт-Петербург, проспект Добролюбова, дом 18;59.950039,30.292093;Петроградский;день;закрытый;Нет;Нет;Да;Да;Да;Да;59.950039;30.292093
СД «Хоккейный» филиала ФАУ МО РФ ЦСКА (СКА, г.Санкт-Петербург);каток;Санкт-Петербург, улица Ждановская, дом 2;59.95746,30.27935;Петроградский;день/ночь;закрытый;Нет;Да;Да;Да;Да;Да;59.95746;30.27935
АО «Зенит-Арена» (Каток у Флагштока);каток;Санкт-Петербург,                  Южная дорога, дом 28, строение 1;59.970456,30.211809;Петроградский;день;открытый;Да;Да;Да;Да;Да;Да;59.970456;30.211809
Лыжная трасса в Приморском парке Победы;лыжная трасса;Санкт-Петербург, Крестовский проспект, дом 23, литера А;59.972227,30.237498;Петроградский;день;открытый;Нет;Нет;Нет;Нет;Нет;Да;59.972227;30.237498
СПбГБУ «Центр спорта Петродворцового района»;каток;Петергоф, ул. Веденеева, д. 1;59.876784,29.864402;Петродворцовый;день;открытый;Нет;Да;Нет;Нет;Нет;Имеется;59.876784;29.864402
СПбГБУ «Центр спорта Петродворцового района»;каток;Петергоф, ул. Веденеева, д. 4;59.876508,29.863521;Петродворцовый;день;открытый;Нет;Да;Да;Нет;Нет;Имеется;59.876508;29.863521
СПб ГБУ «Подростково-молодежный центр Петродворцового района Санкт-Петербурга»;каток;Стрельна, Санкт-Петербургское  шоссе,   д.  84а;59.851761,30.034076;Петродворцовый;день;открытый;Нет;Да;Нет;Нет;Нет;Имеется;59.851761;30.034076
СПбГБУ «Центр спорта Петродворцового района»;каток;Ломоносов, Ораниенбаумский пр., д.21;59.903386,29.778972;Петродворцовый;день;открытый;Нет;Да;Нет;Нет;Нет;Имеется;59.903386;29.778972
ГБУ СШ «Манеж» Петродворцового района Санкт-Петербурга;каток;Петергоф,  ул. Широкая,   д. 8;59.8771,29.854404;Петродворцовый;день;закрытый;Нет;Нет;Да;Нет;Нет;Имеется;59.8771;29.854404
Ледовая арена «АСК-С»;каток;п.Стрельна, ул. Фронтовая, д. 3;59.850988,30.036357;Петродворцовый;день;закрытый;Да;Да;Да;Да;Да;Имеется;59.850988;30.036357
ГБУ СШ «Манеж» Петродворцового района Санкт-Петербурга;каток;п.Стрельна,Санкт-Петербургское шоссе, д.128 , строение 1;59.913528,29.763898;Петродворцовый;день;закрытый;Нет;Нет;Да;Нет;Нет;Имеется;59.913528;29.763898
ОО«Русская деревня Шуваловка»;каток;Петергоф, Санкт-Петербургское шоссе, д. 111;59.868234,29.977931;Петродворцовый;день;открытый;Да;Да;Да;Да;Да;Имеется;59.868234;29.977931
Местная администрация МО г. Петергоф;каток;Петергоф, ул.Разводная, д. 25;59.874797,29.89843;Петродворцовый;день;открытый;Нет;Нет;Нет;Нет;Нет;Имеется;59.874797;29.89843
Местная администрация МО г. Ломоносов;каток;Ломоносов, Ораниенбаумский пр. д. 37, к.1;59.897727,29.774579;Петродворцовый;день;открытый;Нет;Нет;Нет;Нет;Нет;Внутридворовое;59.897727;29.774579
СПбГБУ «Центр спорта Петродворцового района»;каток;г. Ломоносов, ул.Михайловская, д.29 литера А;59.907777,29.767413;Петродворцовый;день;открытый;Нет;Да;Да;Нет;Нет;Имеется;59.907777;29.767413
РЖД;каток;Петергоф, Привокзальная площадь;59.863615,29.925485;Петродворцовый;день;открытый;Нет;Нет;Нет;Нет;Нет;Имеется;59.863615;29.925485
АО СПП «Флора»;лыжная трасса;Петергоф, ул.Зверинская, д.6;59.875709,29.926574;Петродворцовый;день;открытый;Нет;Нет;Нет;Нет;Нет;Отсутствует;59.875709;29.926574
Петергоф, Луговой парк;лыжная трасса;Петергоф, Луговой парк;59.848579,29.879631;Петродворцовый;день;открытый;Нет;Нет;Нет;Нет;Нет;Отсутствует;59.848579;29.879631
Территория лесопарка;лыжная трасса;Ломоносов, ул.Краснопрудская, д.5;59.903038,29.760314;Петродворцовый;день;открытый;Нет;Нет;Нет;Нет;Нет;Отсутствует;59.903038;29.760314
Территория Петродворцового района и Ленинградской области;лыжная трасса;Петергоф, ул.Троицкая,д.2;59.869271,29.845108;Петродворцовый;день;открытый;Нет;Нет;Нет;Нет;Нет;Отсутствует;59.869271;29.845108
АО СПП «Флора»;лыжная трасса;Петергоф, Английский парк;59.880442,29.878496;Петродворцовый;день;открытый;Нет;Нет;Да;Нет;Нет;Отсутствует;59.880442;29.878496
СПб ГБУ «Центр спорта Приморского района»;каток;Санкт-Петербург, ул. Белоостровская, д. 23;59.987697,30.316968;Приморский;день;открытый;Нет;Нет;Нет;Нет;Нет;Имеется;59.987697;30.316968
СПб ГБУ «Центр спорта Приморского района»;каток;Санкт-Петербург, ул. Дибуновская, д. 9;59.986441,30.280333;Приморский;день;открытый;Нет;Да;Нет;Нет;Нет;Внутридворовое;59.986441;30.280333
СПб ГБУ «Центр спорта Приморского района»;каток;ул. Стародеревенская, д. 24;60.001101,30.243109;Приморский;день;открытый;Нет;Да;Нет;Нет;Нет;Внутридворовое;60.001101;30.243109
СПб ГБУ «Центр спорта Приморского района»;каток;Санкт-Петербург, аллея Поликарпова, д.8;60.006406,30.288394;Приморский;день;открытый;Нет;Нет;Нет;Нет;Нет;Внутридворовое;60.006406;30.288394
СПб ГБУ «Центр спорта Приморского района»;каток;Санкт-Петербург, ул. Байконурская, д. 19;60.009468,30.278861;Приморский;день;открытый;Нет;Нет;Нет;Нет;Нет;Внутридворовое;60.009468;30.278861
СПб ГБУ «Центр спорта Приморского района» (земельный участок принадлежит администрации Приморского района Санкт-Петербурга);каток;г.Санкт-Петербург, проспект Королёва, дом 31, корпус 1, литера В;60.01691,30.262919;Приморский;день;открытый;Нет;Нет;Нет;Нет;Нет;Парковое;60.01691;30.262919
СПб ГБУ «Центр спорта Приморского района»;каток;Санкт-Петербург, пр. Авиаконструкторов, д. 8;60.011825,30.242121;Приморский;день;открытый;Нет;Да;Нет;Нет;Нет;Внутридворовое;60.011825;30.242121
СПб ГБУ «Центр спорта Приморского района»;каток;Санкт-Петербург, пр. Авиаконструкторов, д. 13;60.012025,30.247542;Приморский;день;открытый;Нет;Нет;Нет;Нет;Нет;Внутридворовое;60.012025;30.247542
СПб ГБУ «Центр спорта Приморского района»;каток;Санкт-Петербург, ул. Савушкина, д. 107;59.985485,30.240465;Приморский;день;открытый;Нет;Да;Нет;Нет;Нет;Внутридворовое;59.985485;30.240465
СПб ГБУ «Центр спорта Приморского района»;каток;ул. Камышовая, д. 42;60.008385,30.217839;Приморский;день;открытый;Нет;Да;Нет;Нет;Нет;Отсутствует;60.008385;30.217839
СПб ГБУ «Центр спорта Приморского района»;каток;Санкт-Петербург, ул. Яхтенная, д. 6;59.986225,30.21316;Приморский;день;открытый;Нет;Нет;Нет;Нет;Нет;Внутридворовое;59.986225;30.21316
СПб ГБУ «Центр спорта Приморского района»;каток;Санкт-Петербург, ул. Савушкина, д. 122;59.987039,30.210357;Приморский;день;открытый;Нет;Нет;Нет;Нет;Нет;Внутридворовое;59.987039;30.210357
СПб ГБУ «Центр спорта Приморского района»;каток;Санкт-Петербург, ул. Байконурская, д. 5;59.987066,30.210492;Приморский;день;открытый;Нет;Да;Нет;Нет;Нет;Внутридворовое;59.987066;30.210492
СПб ГБУ «Центр спорта Приморского района»;каток;Санкт-Петербург, пр. Королёва, д.59;60.028456,30.247838;Приморский;день;открытый;Нет;Нет;Нет;Нет;Нет;Внутридворовое;60.028456;30.247838
"СПб ГБУ ""Центр спорта Приморского района""";каток;Санкт-Петербург, Комендантский пр., д. 37;60.024396,30.242701;Приморский;день;открытый;Нет;Нет;Нет;Нет;Нет;внутридворовое;60.024396;30.242701
"СПб ГБУ ""Центр спорта Приморского района"" (земельный участок принадлежит Комитету по благоустройству)";лыжная трасса;Санкт-Петербург, Коломяжский, д. 17 к.2;60.006685,30.308167;Приморский;день;открытый;Нет;Нет;Нет;Нет;Нет;парковое;60.006685;30.308167
"СПб ГБУ ""Центр спорта Приморского района"" (земельный участок принадлежит Комитету по благоустройству)";лыжная трасса;Санкт-Петербург, Приморский пр., д. 72;59.983728,30.201812;Приморский;день;открытый;Нет;Нет;Нет;Нет;Нет;парковое;59.983728;30.201812
"СПб ГБУ ""Центр спорта Приморского района"" (земельный участок принадлежит СПб ГКУ ""Дирекция особо охраняемых природных территорий Санкт-Петербурга""";лыжная трасса;Санкт-Петербург, Приморское шоссе, 4, лит.А;59.993016,30.096974;Приморский;день;открытый;Нет;Нет;Нет;Нет;Нет;отсутствует;59.993016;30.096974
"Школа хоккея ""Метеор""";каток;Санкт-Петербург, Красногвардейский пер., д.15, лит. Д;59.981926,30.325383;Приморский;день;закрытый;Да;Да;Да;Нет;Да;имеется;59.981926;30.325383
СПб ГБУ СШОР фигурного катания на коньках;каток;Санкт-Петербург, Туполевская ул., д.4;60.003223,30.263304;Приморский;день;закрытый;Да;Да;Да;Да;Да;имеется;60.003223;30.263304
СПб ГБОУ школа № 45 Приморского района;каток;Санкт-Петербург, Маршала Новикова, д.8, к.2;60.01227,30.265905;Приморский;день;открытый;Нет;Нет;Нет;Нет;Нет;имеется;60.01227;30.265905
СПб ГБОУ школа № 440 Приморского района;каток;Санкт-Петербург, ул. Хвойная, д.35;60.000832,30.138505;Приморский;день;открытый;Нет;Нет;Нет;Нет;Нет;Имеется;60.000832;30.138505
СПб ГБОУ школа № 555 Приморского района;каток;Санкт-Петербург, Комендантский пр. д.17, корп.3;60.012874,30.260031;Приморский;день;открытый;Нет;Нет;Нет;Нет;Нет;имеется;60.012874;30.260031
СПб ГБОУ школа № 634 Приморского района;каток;Санкт-Петербург, Щербакова ул., д.16, лит.А;60.026329,30.291177;Приморский;день;открытый;Нет;Нет;Нет;Нет;Нет;Имеется;60.026329;30.291177
СПб ГБОУ школа № 438 Приморского района;каток;Санкт-Петербург, пос. Лисий Нос, Новоцентральная ул., д.21;60.009511,30.006075;Приморский;день;открытый;Нет;Нет;Да;Нет;Нет;Имеется;60.009511;30.006075
ООО «Стрела» каток «Богатырь»;каток;Санкт-Петербург, ул. Гаккелевская, д. 23;60.001428,30.25881;Приморский;день;открытый;Да;Да;Да;Да;Да;Имеется;60.001428;30.25881
Каток в Континенте;каток;Санкт-Петербург, ул. Байконурская, д. 14, лит. А.;60.001973,30.272187;Приморский;день;закрытый;Да;Нет;Да;Да;Нет;имеется;60.001973;30.272187
"СПб ГБПОУ ""Академия ледовых видов спорта ""Динамо Санкт-Петербург""";каток;Санкт-Петербург, ул. Мебельная 33, лит.А;59.994209,30.205264;Приморский;круглосуточно;закрытый;Нет;Нет;Да;Нет;Нет;имеется;59.994209;30.205264
"СПб ГБПОУ ""Академия ледовых видов спорта ""Динамо Санкт-Петербург""";каток;Санкт-Петербург, Маршала Новикова, д.14;60.017419,30.269259;Приморский;круглосуточно;закрытый;Нет;Нет;Да;Нет;Нет;имеется;60.017419;30.269259
"Спортивный комплекс ""Iceburg Arena""";каток;Санкт-Петербург, ул. Парашютная, д.11;60.017482,30.282905;Приморский;день;закрытый;Да;Нет;Да;Да;Да;имеется;60.017482;30.282905
СПб ГБУ ЦФКСЗ «Царское Село»;каток;город Павловск, Горная улица, дом 14, литера А;59.6646556,30.4105399;Пушкинский;день/ночь;открытый;Нет;Да;Нет;Нет;Нет;Имеется;59.6646556;30.4105399
СПб ГБУ ЦФКСЗ «Царское Село»;каток;город Пушкин, Ленинградская улица, дом 36, литера А;59.7291316,30.4080516;Пушкинский;день/ночь;открытый;Нет;Да;Нет;Нет;Нет;Имеется;59.7291316;30.4080516
СПб ГБУ ЦФКСЗ «Царское Село»;каток;город Пушкин, Сапёрная улица, дом 42, корпус 1, литера А;59.7017574925737,30.38416799636325;Пушкинский;день/ночь;открытый;Нет;Да;Нет;Нет;Нет;Имеется;59.7017574925737;30.38416799636325
СПб ГБУ ЦФКСЗ «Царское Село»;каток;город Пушкин, улица Генерала Хазова, дом 34, литера А;59.73964140571164,30.41682509026144;Пушкинский;день/ночь;открытый;Нет;Да;Нет;Нет;Нет;Имеется;59.73964140571164;30.41682509026144
СПб ГБУ ЦФКСЗ «Царское Село»;каток;город Пушкин, Железнодорожная улица, дом 56в, литера А;59.73395,30.4191167;Пушкинский;день/ночь;открытый;Нет;Да;Нет;Нет;Нет;Имеется;59.73395;30.4191167
СПб ГБУ ЦФКСЗ «Царское Село»;каток;город Пушкин, бульвар Алексея Толстого, дом 20, литера А;59.73054,30.4169142;Пушкинский;день/ночь;открытый;Нет;Да;Нет;Нет;Нет;Имеется;59.73054;30.4169142
СПб ГБУ ЦФКСЗ «Царское Село»;каток;посёлок Шушары, Школьная улица, дом 22, литера А;59.810156,30.3752382;Пушкинский;день/ночь;открытый;Нет;Да;Нет;Нет;Нет;Имеется;59.810156;30.3752382
СПб ГБУ ЦФКСЗ «Царское Село»;каток;город Павловск, Садовая улица, дом 20, литера Б;59.6899017,30.4452887;Пушкинский;день;открытый;Да;Да;Да;Нет;Да;Имеется;59.6899017;30.4452887
МО Шушары;каток;посёлок Шушары, территория Ленсоветовский, дом 11, литера А;59.759200297107405,30.47137251044895;Пушкинский;день/ночь;открытый;Нет;Нет;Нет;Нет;Нет;Имеется;59.759200297107405;30.47137251044895
МО Шушары;каток;посёлок Шушары, Пулковское, дом 33, литера А;59.75961685717517,30.365802813154385;Пушкинский;день/ночь;открытый;Нет;Нет;Нет;Нет;Нет;Отсутствует;59.75961685717517;30.365802813154385
МО Шушары;каток;посёлок Шушары, территория Детскосельский, Колпинское шоссе, дом 55, литера А;59.72878826283449,30.469223633986964;Пушкинский;день/ночь;открытый;Нет;Нет;Нет;Нет;Нет;Имеется;59.72878826283449;30.469223633986964
МО Павловск;каток;город Павловск, Берёзовая улица, дом 25, литера А;59.68678222989538,30.42693759798768;Пушкинский;день/ночь;открытый;Нет;Нет;Нет;Нет;Нет;Отсутствует;59.68678222989538;30.42693759798768
МО Павловск;каток;город Павловск, Динамо, Новая улица, дом 10, литера А;59.65486626126018,30.4005158786306;Пушкинский;день/ночь;открытый;Нет;Нет;Нет;Нет;Нет;Имеется;59.65486626126018;30.4005158786306
ООО «Клуб друзей»;каток;город Пушкин, Садовая улица, дом 3, литера А;59.715309,30.391683;Пушкинский;день;открытый;Да;Да;Да;Да;Да;Имеется;59.715309;30.391683
Центр семейного досуга «Каскад»;каток;Санкт-Петербург, город Пушкин, Гуммолосары, Горная улица, дом 2, литера А;59.693119341692174,30.414924323449675;Пушкинский;день;открытый;Нет;Нет;Нет;Нет;Нет;Имеется;59.693119341692174;30.414924323449675
Ледовая арена «Пулково»;каток;посёлок Шушары, Петербургское шоссе, дом 60, корпус 6, строение 1;59.75828,30.361211;Пушкинский;день;закрытый;Да;Да;Да;Да;Да;Имеется;59.75828;30.361211
СПб ГБУ ЦФКСЗ «Царское Село»;лыжная трасса;город Пушкин, Софийский бульвар, дом 3д, литера А;59.711314,30.420223;Пушкинский;день/ночь;открытый;Нет;Нет;Нет;Нет;Нет;Отсутствует;59.711314;30.420223
СПб ГБУ ЦФКСЗ «Царское Село»;лыжная трасса;Санкт-Петербург, город Павловск, Садовая улица, дом 20, сооружение 3;59.685898852373406,30.46071499575192;Пушкинский;день;открытый;Нет;Нет;Нет;Нет;Нет;Отсутствует;59.685898852373406;30.46071499575192
Спортивный центр «Арена ракета»;каток;Санкт-Петербург, посёлок Шушары, Новгородский проспект, дом 10, корпус 2;59.80681023036661,30.37001788594353;Пушкинский;день;закрытый;Да;Да;Да;Да;Да;Имеется;59.80681023036661;30.37001788594353
КДЦ «Green Park»;каток;посёлок Шушары, территория Славянка, Ростовская улица, дом 20, строение 1;59.742585297892546,30.47102808908676;Пушкинский;день;открытый;Да;Нет;Да;Да;Да;Имеется;59.742585297892546;30.47102808908676
СПБ ГБУ Центр ФКСиЗ Фрунзенского района;каток;Санкт-Петербург, Альпийский пер., д. 10;59.852042,30.372717;Фрунзенский;день;открытый;Нет;Нет;Нет;Нет;Нет;Отсутствует;59.852042;30.372717
СПБ ГБУ Центр ФКСиЗ Фрунзенского района;каток;Санкт-Петербург, Белградская ул., д. 10, корп. 1;59.867881,30.36112;Фрунзенский;день;открытый;Нет;Нет;Нет;Нет;Нет;Имеется;59.867881;30.36112
СПБ ГБУ Центр ФКСиЗ Фрунзенского района;каток;Санкт-Петербург, Будапештская ул., д. 8, корп. 1;59.872695,30.36872;Фрунзенский;день;открытый;Нет;Нет;Нет;Нет;Нет;Имеется;59.872695;30.36872
СПБ ГБУ Центр ФКСиЗ Фрунзенского района;каток;Санкт-Петербург, Бухарестская ул., д. 120, корп. 1;59.845692,30.408768;Фрунзенский;день;открытый;Нет;Нет;Нет;Нет;Нет;Отсутствует;59.845692;30.408768
СПБ ГБУ Центр ФКСиЗ Фрунзенского района;каток;Санкт-Петербург, Дунайский пр., д. 53, корп. 2;59.841638,30.416967;Фрунзенский;день;открытый;Нет;Нет;Нет;Нет;Нет;Отсутствует;59.841638;30.416967
СПБ ГБУ Центр ФКСиЗ Фрунзенского района;каток;Санкт-Петербург, Пражская ул., д. 7, корп. 1;59.878068,30.382642;Фрунзенский;день;открытый;Нет;Нет;Нет;Нет;Нет;Отсутствует;59.878068;30.382642
СПБ ГБУ Центр ФКСиЗ Фрунзенского района;каток;Санкт-Петербург, Пражская ул., д. 20;59.876284,30.387911;Фрунзенский;день;открытый;Нет;Нет;Нет;Нет;Нет;Имеется;59.876284;30.387911
СПБ ГБУ Центр ФКСиЗ Фрунзенского района;каток;Санкт-Петербург, Бухарестская ул., д. 39, корп. 1;59.862429,30.387868;Фрунзенский;день;открытый;Нет;Нет;Нет;Нет;Нет;Имеется;59.862429;30.387868
СПБ ГБУ Центр ФКСиЗ Фрунзенского района;каток;Санкт-Петербург, Бухарестская улица, д. 78;59.869679,30.383678;Фрунзенский;день;открытый;Нет;Нет;Нет;Нет;Нет;Имеется;59.869679;30.383678
ГБОУ СОШ № 230;каток;Санкт-Петербург, Пражская ул., д. 25, литера А;59.870822,30.390419;Фрунзенский;день;открытый;Нет;Нет;Нет;Нет;Нет;Имеется;59.870822;30.390419
Ледовая арена «Купчино»;каток;Санкт-Петербург, ул. Димитрова, д. 3, корп. 2;59.844081,30.377856;Фрунзенский;день/ночь;закрытый;Нет;Нет;Нет;Нет;Нет;Имеется;59.844081;30.377856
ООО «Академия Валерия Харламова»;каток;Санкт-Петербург, Пражская ул., д. 10, корп. 2;59.879091,30.384086;Фрунзенский;день/ночь;закрытый;Нет;Нет;Нет;Нет;Нет;Имеется;59.879091;30.384086
СПБ ГБУ Центр ФКСиЗ Фрунзенского района;лыжная трасса;Санкт-Петербург, Бухарестская ул., 30;59.880943,30.37363;Фрунзенский;день;открытый;Нет;Нет;Нет;Нет;Нет;Имеется;59.880943;30.37363
СПБ ГБУ Центр ФКСиЗ Фрунзенского района;лыжная трасса;Санкт-Петербург, Славы, пр., д. 45;59.860196,30.402913;Фрунзенский;день;открытый;Нет;Нет;Нет;Нет;Нет;Имеется;59.860196;30.402913
СПБ ГБУ Центр ФКСиЗ Фрунзенского района;лыжная трасса;Санкт-Петербург, Белградская ул., д. 16;59.863447,30.362978;Фрунзенский;день;открытый;Нет;Нет;Нет;Нет;Нет;Имеется;59.863447;30.362978
СПБ ГБУ Центр ФКСиЗ Фрунзенского района;каток;Санкт-Петербург, Димитрова ул., д. 20;59.850283,30.39236;Фрунзенский;день;открытый;Нет;Нет;Нет;Нет;Нет;Имеется;59.850283;30.39236
СПБ ГБУ Центр ФКСиЗ Фрунзенского района;каток;Санкт-Петербург, Софийская ул., д. 32;59.874697,30.40393;Фрунзенский;день;открытый;Нет;Нет;Нет;Нет;Нет;Имеется;59.874697;30.40393
Многофункциональный развлекательный комплекс «Таврический сад»;каток;Санкт-Петербург, Потёмкинская ул., д. 4А;59.94645,30.368979;Центральный;день/ночь;закрытый;Да;Да;Да;Да;Да;Имеется;59.94645;30.368979
СПБ ГБУ «Центр физической культуры, спорта и здоровья Центрального района Санкт-Петербурга» (Стадион Таврического сада);каток;Санкт-Петербург, Кирочная ул., д. 50, лит. А;59.945815,30.368788;Центральный;день;открытый;Да;Нет;Да;Да;Нет;Имеется;59.945815;30.368788
СПБ ГБУ «Центр физической культуры, спорта и здоровья Центрального района Санкт-Петербурга»;каток;Санкт-Петербург, Социалистическая ул., д. 3;59.946327,30.384025;Центральный;день;открытый;Нет;Нет;Нет;Нет;Нет;Имеется;59.946327;30.384025
СПБ ГБУ «Центр физической культуры, спорта и здоровья Центрального района Санкт-Петербурга»;каток;Санкт-Петербург, Кавалергардская ул., д. 9/11;59.926578,30.380746;Центральный;день;открытый;Нет;Нет;Нет;Нет;Нет;Имеется;59.926578;30.380746
СПБ ГБУ «Центр физической культуры, спорта и здоровья Центрального района Санкт-Петербурга»;каток;Санкт-Петербург, Исполкомская ул., д. 5;59.926578,30.380746;Центральный;день;открытый;Нет;Нет;Нет;Нет;Нет;Внутридворовое освещение;59.926578;30.380746
СПБ ГБУ «Центр физической культуры, спорта и здоровья Центрального района Санкт-Петербурга»;каток;Санкт-Петербург, Невский пр., д. 22-24;59.9372294,30.3243239;Центральный;день;открытый;Нет;Нет;Нет;Нет;Нет;Имеется;59.9372294;30.3243239
ОАО СПП «Центральное»;каток;Санкт-Петербург, пр. Бакунина;59.930843,30.377733;Центральный;день;открытый;Нет;Нет;Нет;Нет;Нет;Парковое освещение;59.930843;30.377733
АО «Большой Гостиный Двор»;каток;;59.933441,30.331275;Центральный;день;открытый;Да;Да;Нет;Да;Да;Внутридворовое освещение;59.933441;30.331275
СПБ ГБУ «Центр физической культуры, спорта и здоровья Центрального района Санкт-Петербурга»;лыжная трасса;Кирочная ул., д. 50, лит. А;59.945178,30.371623;Центральный;день;открытый;Да;Нет;Да;Да;Нет;Парковое освещение;59.945178;30.371623
СПБ ГБУ «Центр физической культуры, спорта и здоровья Центрального района Санкт-Петербурга»;каток;Санкт-Петербург, Кирочная улица, д. 55;59.94098,30.382671;Центральный;день;открытый;Нет;Нет;Нет;Нет;Нет;Имеется;59.94098;30.382671
