Название организации  (спортивного объекта);Тип (каток/лыжная трасса);Район;Время суток (день/ ночь/ день и ночь);Расположение (открытый/закрытый);Наличие проката инвентаря (да/нет);Наличие услуг инструктора (да/нет);Наличие помещения для переодевания (да/нет);Наличие камеры хранения (да/нет);Наличие кафе на территории (да/нет);широта;долгота
СПб ГБУ «ЦФКСиЗ Невского района» (внутридворовая спортивная площадка);каток;Невский;день;открытый;0;1;0;0;0;59.90078;30.468486
СПб ГБУ «ЦФКСиЗ Невского района» (внутридворовая спортивная площадка);каток;Невский;день;открытый;0;1;0;0;0;59.85195;30.467251
СПб ГБУ «ЦФКСиЗ Невского района» (внутридворовая спортивная площадка);каток;Невский;день;открытый;0;1;0;0;0;59.914643;30.46422
СПб ГБУ «ЦФКСиЗ Невского района» (внутридворовая спортивная площадка);каток;Невский;день;открытый;0;1;0;0;0;59.862895;30.500754
СПб ГБУ «ЦФКСиЗ Невского района» (внутридворовая спортивная площадка);каток;Невский;день;открытый;0;1;0;0;0;59.831232;30.508499
СПб ГБУ «ЦФКСиЗ Невского района» (внутридворовая спортивная площадка);каток;Невский;день;открытый;0;1;0;0;0;59.915628;30.495216
СПб ГБУ «ЦФКСиЗ Невского района» (внутридворовая спортивная площадка);каток;Невский;день;открытый;0;1;0;0;0;59.922711;30.493093
СПб ГБУ «ЦФКСиЗ Невского района» (внутридворовая спортивная площадка);каток;Невский;день;открытый;0;1;0;0;0;59.919806;30.498738
СПб ГБУ «Центр физической культуры, спорта и здоровья Невского района СПб»;каток;Невский;день;открытый;1;0;0;0;0;59.881807;30.420068
СПб ГБУ «ЦФКСиЗ Невского района» Ледовая Арена;каток;Невский;день;закрытый;0;0;1;0;1;59.887142;30.432416
ООО «Фидус»;каток;Невский;день/ночь;закрытый;1;1;1;1;1;59.884099;30.438722
СЦ «Динамит»;каток;Невский;день;закрытый;1;1;1;1;1;59.888149;30.481293
СК «Алмаз-Антей»;каток;Невский;день;закрытый;1;0;1;1;1;59.852009;30.48317
«Хоккейный город» СКА;каток;Невский;день;закрытый;1;0;1;1;0;59.923843;30.469758
«Хоккейный город» СКА;каток;Невский;день;открытый;1;0;1;0;0;59.925565;30.46903
ОАО «Дворец Спорта»;каток;Невский;день;закрытый;1;0;1;0;0;59.921538;30.467899
Государственное бюджетное учреждение дополнительного образования спортивная школа олимпийского резерва №2 Невского района Санкт-Петербурга;лыжная трасса;Невский;день;открытый;0;0;0;0;0;59.909124;30.489772
Государственное бюджетное учреждение дополнительного образования спортивная школа олимпийского резерва №2 Невского района Санкт-Петербурга;лыжная трасса;Невский;день;открытый;0;0;0;0;0;59.908212;30.465367
Государственное бюджетное учреждение дополнительного образования спортивная школа олимпийского резерва №2 Невского района Санкт-Петербурга;лыжная трасса;Невский;день;открытый;0;0;0;0;0;59.926053;30.467485
Государственное бюджетное учреждение дополнительного образования спортивная школа олимпийского резерва №2 Невского района Санкт-Петербурга;лыжная трасса;Невский;день;открытый;0;0;0;0;0;59.897131;30.47389
СПб ГБУ «Центр физической культуры, спорта и здоровья Красносельского района»;каток;Красносельский;день;открытый;0;1;0;0;0;59.838019;30.177447
СПб ГБУ «Центр физической культуры, спорта и здоровья Красносельского района»;каток;Красносельский;день;открытый;0;1;0;0;0;59.836757;30.172578
СПб ГБУ «Центр физической культуры, спорта и здоровья Красносельского района»;каток;Красносельский;день;открытый;0;1;0;0;0;59.827356;30.178156
СПб ГБУ «Центр физической культуры, спорта и здоровья Красносельского района»;каток;Красносельский;день;открытый;0;1;0;0;0;59.852579;30.186088
СПб ГБУ «Центр физической культуры, спорта и здоровья Красносельского района»;каток;Красносельский;день;открытый;0;1;0;0;0;59.785934;30.144523
СПб ГБУ «Центр физической культуры, спорта и здоровья Красносельского района»;каток;Красносельский;день;открытый;0;1;0;0;0;59.854291;30.219901
СПб ГБУ «Центр физической культуры, спорта и здоровья Красносельского района»;каток;Красносельский;день;открытый;0;1;0;0;0;59.850888;30.203363
СПб ГБУ «Центр физической культуры, спорта и здоровья Красносельского района»;каток;Красносельский;день;открытый;0;1;0;0;0;59.842825;30.149967
СПб ГБУ «Центр физической культуры, спорта и здоровья Красносельского района»;каток;Красносельский;день;открытый;0;1;0;0;0;59.840139;30.163738
СПб ГБУ «Центр физической культуры, спорта и здоровья Красносельского района»;каток;Красносельский;день;открытый;0;1;0;0;0;59.670708;30.074855
СПб ГБУ «Центр физической культуры, спорта и здоровья Красносельского района»;лыжная трасса;Красносельский;день;открытый;0;1;0;0;0;59.85068;30.173791
СПб ГБУ «Центр физической культуры, спорта и здоровья Красносельского района»;лыжная трасса;Красносельский;день;открытый;0;1;0;0;0;59.835243;30.184489
СПб ГБУ «Центр физической культуры, спорта и здоровья Красносельского района»;лыжная трасса;Красносельский;день;открытый;0;1;0;0;0;59.840139;30.163738
СПб ГБУ «Центр физической культуры, спорта и здоровья Красносельского района»;лыжная трасса;Красносельский;день;открытый;0;1;0;0;0;59.74305021992464;30.079600811004642
СПб ГБУ «Центр физической культуры, спорта и здоровья Красносельского района»;лыжная трасса;Красносельский;день;открытый;0;1;0;0;0;59.720803;30.089924
ГБУ спортивная школа Красносельского района СПб;лыжная трасса;Красносельский;день;открытый;0;0;0;0;0;59.692551;30.120143
ГБОУ Лицей № 369;каток;Красносельский;день;открытый;0;0;0;0;0;59.851837;30.206408
Спортивный комплекс «Рубеж»;каток;Красносельский;день;закрытый;1;1;1;0;1;59.834203;30.170341
Ледовый каток в Южно-Приморском парке;каток;Красносельский;день;открытый;1;0;1;1;0;59.85068;30.173791
Яхт-клуб «Балтиец»;каток;Красносельский;день;открытый;0;0;0;0;0;59.857233;30.119451
Рынок «Юнона»;каток;Красносельский;день;открытый;0;0;0;0;0;59.862506;30.211044
СПб ГБУ «Центр физической культуры, спорта и здоровья Красносельского района»;каток;Красносельский;день;открытый;0;1;0;0;0;59.738379081431795;30.079493522644047
"СПб ГБУ ""Центр физической культуры, спорта и здоровья Адмиралтейского района""";каток;Адмиралтейский;день;открытый;0;0;1;0;0;59.913429;30.330735
"СПб ГБУ ""Центр физической культуры, спорта и здоровья Адмиралтейского района""";каток;Адмиралтейский;день;открытый;0;0;0;0;0;59.915652;30.285882
"СПб ГБУ ""Центр физической культуры, спорта и здоровья Адмиралтейского района""";каток;Адмиралтейский;день;открытый;0;0;0;0;0;59.912608;30.297246
СПБ ГКУ «Парк «Екатерингоф»;лыжная трасса;Адмиралтейский;день;открытый;0;0;0;0;0;59.902036;30.260164
СПБ ГКУ «Парк «Екатерингоф»;лыжная трасса;Адмиралтейский;день;открытый;0;0;0;0;0;59.901626;30.25507
Новая Голландия;каток;Адмиралтейский;день;открытый;1;1;1;1;1;59.92961;30.287104
Каток Музея железных дорог России;каток;Адмиралтейский;день;открытый;1;1;1;1;1;59.905344;30.297605
СПб ГБУ «Центр физической культуры, спорта и здоровья Василеостровского района»;каток;Василеостровский;ночь;закрытый;1;1;1;0;1;59.938788;30.250031
СПб ГБУ «Центр физической культуры, спорта и здоровья Василеостровского района»;каток;Василеостровский;день;открытый;0;0;0;0;0;59.936895;30.267642
СПб ГБУ «Центр физической культуры, спорта и здоровья Василеостровского района»;каток;Василеостровский;день;открытый;0;0;0;0;0;59.930603;30.237997
СПб ГБУ «Центр физической культуры, спорта и здоровья Василеостровского района»;каток;Василеостровский;день;открытый;0;0;0;0;0;59.951319;30.228051
СПб ГБУ «Центр физической культуры, спорта и здоровья Василеостровского района»;каток;Василеостровский;день;открытый;0;0;0;0;0;59.954515;30.231749
СПб ГБУ «Центр физической культуры, спорта и здоровья Василеостровского района»;каток;Василеостровский;день;открытый;0;0;0;0;0;59.935709;30.240235
СПб ГБУ «Центр физической культуры, спорта и здоровья Василеостровского района»;каток;Василеостровский;день;открытый;0;0;0;0;0;59.936065;30.240159
Каток у моря (Севкабель Порт);каток;Василеостровский;день;открытый;1;1;1;1;1;59.924957;30.239763
Каток на Ваське;каток;Василеостровский;день;открытый;1;0;1;1;0;59.938324;30.210576
СПб ГБУ «Центр физической культуры, спорта и здоровья Василеостровского района»;лыжная трасса;Василеостровский;день;открытый;0;0;0;0;0;59.940523;30.209236
СПб ГБУ «Центр физической культуры, спорта и здоровья Василеостровского района»;лыжная трасса;Василеостровский;день;открытый;0;0;0;0;0;59.933747;30.257208
СПб ГБУ «Центр физической культуры, спорта и здоровья Василеостровского района»;лыжная трасса;Василеостровский;день;открытый;0;0;0;0;0;59.954065;30.238786
Каток в Брусницыне;каток;Василеостровский;день;открытый;1;1;1;1;1;59.922134;30.25004
СПб ГБУ «Центр спорта Выборгского района»;каток;Выборгский;день/ночь;открытый;0;1;0;0;1;60.045596;30.321443
СПб ГБУ «Центр спорта Выборгского района»;каток;Выборгский;день/ночь;открытый;0;1;0;0;0;60.053787;30.320268
СПб ГБУ «Центр спорта Выборгского района»;каток;Выборгский;день/ночь;открытый;0;1;0;0;0;60.084331;30.25133
СПб ГБУ «Центр спорта Выборгского района»;каток;Выборгский;день/ночь;открытый;0;1;0;0;0;60.053468;30.359924
СПб ГБУ «Центр спорта Выборгского района»;каток;Выборгский;день/ночь;открытый;0;1;0;0;0;60.047236;30.357742
СПб ГБУ «Центр спорта Выборгского района»;каток;Выборгский;день/ночь;открытый;0;1;0;0;0;60.05704;30.319647
СПб ГБУ «Центр спорта Выборгского района»;каток;Выборгский;день/ночь;открытый;0;1;0;0;0;60.039935;30.366956
СПб ГБУ «Центр спорта Выборгского района»;каток;Выборгский;день/ночь;открытый;0;1;0;0;0;60.04374;30.351807
СПб ГБУ «Центр спорта Выборгского района»;каток;Выборгский;день/ночь;открытый;0;1;0;0;0;60.073903;30.238185
СПб ГБУ «Центр спорта Выборгского района»;каток;Выборгский;день/ночь;открытый;0;1;0;0;0;60.005729;30.335236
СПб ГБУ «Центр спорта Выборгского района»;каток;Выборгский;день/ночь;открытый;0;1;0;0;0;60.005729;30.335236
ТСЖ «18 квартал»;каток;Выборгский;день/ночь;открытый;0;0;0;0;0;60.04955;30.342512
Парк отдыха «Зима Лето»;каток;Выборгский;день;открытый;1;0;1;1;1;60.057586;30.305412
ВИФК;каток;Выборгский;день/ночь;открытый;0;0;0;0;0;59.976913;30.342458
Ледовая арена «Гранд Каньеон Айс»;каток;Выборгский;день;закрытый;1;1;1;1;1;60.060577;30.338533
Ледовая арена «Озерки»;каток;Выборгский;день/ночь;закрытый;0;1;1;1;0;60.037261;30.305025
Ледовая арена «Озерки»;каток;Выборгский;день/ночь;закрытый;0;1;1;1;0;60.037261;30.305025
Ледовый спортивный комплекс «Шанс Арена»;каток;Выборгский;день;закрытый;1;1;1;1;1;59.984445;30.353525
Центр ледовых видов спорта «Парнас»;каток;Выборгский;день/ночь;закрытый;1;1;1;1;1;60.074599;30.353831
ГБУ СШОР по лыжным гонкам;лыжная трасса;Выборгский;день;открытый;0;0;0;0;0;60.073777;30.282523
СПб ГБУ «Центр спорта Выборгского района»;лыжная трасса;Выборгский;день/ночь;открытый;0;1;0;0;0;60.030551;30.342207
СПб ГБУ «Центр спорта Выборгского района»;лыжная трасса;Выборгский;день/ночь;открытый;0;1;0;0;0;60.037492;30.313306
ТСЖ «Поэтический 1/1»;каток;Выборгский;день/ночь;открытый;0;0;0;0;0;60.044765;30.339467
СПб ГБУ »Центр физической культуры, спорта и здоровья Калининского района;каток;Калининский;день;открытый;0;1;0;0;0;60.034641;30.396052
СПб ГБУ »Центр физической культуры, спорта и здоровья Калининского района;каток;Калининский;день;открытый;0;1;0;0;0;60.030375;30.424573
СПб ГБУ »Центр физической культуры, спорта и здоровья Калининского района;каток;Калининский;день;открытый;0;1;0;0;0;60.037944;30.426163
СПб ГБУ »Центр физической культуры, спорта и здоровья Калининского района;каток;Калининский;день;открытый;0;1;0;0;0;59.981933;30.405682
СПб ГБУ »Центр физической культуры, спорта и здоровья Калининского района;каток;Калининский;день;открытый;0;1;0;0;0;59.996043;30.432227
СПб ГБУ »Центр физической культуры, спорта и здоровья Калининского района;каток;Калининский;день;открытый;0;0;0;0;0;60.014288;30.372938
СПб ГБУ »Центр физической культуры, спорта и здоровья Калининского района;каток;Калининский;день;открытый;0;0;0;0;0;60.037342;30.372489
СПб ГБУ »Центр физической культуры, спорта и здоровья Калининского района;каток;Калининский;день;открытый;0;1;0;0;0;60.014626;30.416641
СПб ГБУ »Центр физической культуры, спорта и здоровья Калининского района;каток;Калининский;день;открытый;0;1;0;0;0;60.049228;30.393812
СПб ГБУ »Центр физической культуры, спорта и здоровья Калининского района;каток;Калининский;день;открытый;0;1;0;0;0;60.028218;30.370423
ГБОУ СОШ № 98;каток;Калининский;день;открытый;0;0;0;0;0;60.020039;30.399959
"СПБ ГАУ ""Дирекция по управлению спортивными сооружениями""";каток;Калининский;день;открытый;1;0;1;1;1;60.044512;30.391053
"СПБ ГАУ ""Дирекция по управлению спортивными сооружениями""";каток;Калининский;день;открытый;1;0;1;1;0;60.044512;30.391053
"СПБ ГАУ ""Дирекция по управлению спортивными сооружениями""";каток;Калининский;день;открытый;1;0;1;1;0;60.044512;30.391053
ГБУ СШОР по хоккею;каток;Калининский;день;закрытый;1;1;1;1;1;60.008222;30.402166
ООО ДСИ Зенит;каток;Калининский;день;закрытый;0;0;1;1;0;60.001821;30.398262
МО Пискаревка;каток;Калининский;день;открытый;0;0;0;0;0;60.008348;30.427831
МО Пискаревка;каток;Калининский;день;открытый;0;0;0;0;0;59.989902;30.428549
МО Гражданка;каток;Калининский;день;открытый;0;0;0;0;0;60.006289;30.413738
МО «Прометей»;каток;Калининский;день;открытый;0;0;0;0;0;60.034543;30.396941
ГБОУ СОШ №69;каток;Калининский;день;открытый;0;0;0;0;0;60.047223;30.384589
ТСЖ «Новое созвездие»;каток;Калининский;день;открытый;0;0;0;0;0;60.033185;30.428607
СПб ГБУ «Центр физической культуры, спорта и здоровья Калининского района»;лыжная трасса;Калининский;день;открытый;0;0;0;0;0;59.999622;30.395221
СПб ГБУ «Центр физической культуры, спорта и здоровья Калининского района»;лыжная трасса;Калининский;день;открытый;0;0;0;0;0;60.027488;30.398502
СПб ГБУ «Центр физической культуры, спорта и здоровья Калининского района»;лыжная трасса;Калининский;день;открытый;0;0;0;0;0;60.04125;30.386929
СПб ГБУ «Центр физической культуры, спорта и здоровья Калининского района»;лыжная трасса;Калининский;день;открытый;0;0;0;0;0;59.979728;30.415263
"СПб ГБУ Спортивная школа олимпийского резерва по хоккею ""Динамо-юниор""";каток;Калининский;день;закрытый;0;0;0;0;0;60.002512;30.37648
СПб ГБУ ЦФКиС Нарвская застава;каток;Кировский;день;открытый;1;1;0;0;0;59.841597;30.276238
СПб ГБУ ЦФКиС Нарвская застава;каток;Кировский;день;открытый;0;1;0;0;0;59.859075;30.240797
СПб ГБУ ЦФКиС Нарвская застава;каток;Кировский;день;открытый;0;1;0;0;0;59.84706;30.266292
СПб ГБУ ЦФКиС Нарвская застава;каток;Кировский;день;открытый;0;1;0;0;0;59.897638;30.212227
СПб ГБУ ЦФКиС Нарвская застава;каток;Кировский;день;открытый;0;1;0;0;0;59.843541;30.263126
СПб ГБУ ЦФКиС Нарвская застава;лыжная трасса;Кировский;день;открытый;1;0;0;0;0;59.841597;30.276238
СПб ГБУ ЦФКиС Нарвская застава;лыжная трасса;Кировский;день;открытый;0;0;0;0;0;59.828501;30.230581
СПб ГБУ ЦФКиС Нарвская застава;лыжная трасса;Кировский;день;открытый;0;0;0;0;0;59.844587;30.274048
СПб ГБУ ЦФКиС Нарвская застава;лыжная трасса;Кировский;день;открытый;0;0;0;0;0;59.858488;30.250733
СПб ГБУ ЦФКиС Нарвская застава;каток;Кировский;день;открытый;0;0;0;0;0;59.907376;30.256097
МО Нарвский округ;каток;Кировский;день;открытый;0;0;0;0;0;59.898098;30.272309
Ледовая арена Айсберг;каток;Кировский;день/ночь;закрытый;1;1;1;1;1;59.888008;30.260454
СПб ГБУ ПМЦ Кировский;каток;Кировский;день;открытый;0;0;0;0;0;59.853657;30.259735
СПб ГБУ ПМЦ Кировский;каток;Кировский;день;открытый;0;0;0;0;0;59.839685;30.242805
СПб ГБОУ СОШ №392;каток;Кировский;день;открытый;0;0;0;0;0;59.835368;30.21882
Муниципальное образование Автово;каток;Кировский;день;открытый;0;0;0;0;0;59.866469;30.274485
Санкт-Петербургское государственное казенное учреждение «Агентство благоустройства и коммунального хозяйства Колпинского района»;каток;Колпинский;день/ночь;открытый;0;0;0;0;0;59.750447;30.587222
Санкт-Петербургское государственное казенное учреждение «Агентство благоустройства и коммунального хозяйства Колпинского района»;каток;Колпинский;день/ночь;открытый;0;0;0;0;0;59.775295;30.592326
Государственное бюджетное учреждение дополнительного образования спортивная школа олимпийского резерва Колпинского района Санкт-Петербурга;каток;Колпинский;день;открытый;0;0;0;0;0;59.734913;30.604635
Государственное бюджетное учреждение спортивная школа имени олимпийского чемпиона Николая Дроздецкого Колпинского района Санкт-Петербурга;каток;Колпинский;день/ночь;закрытый;0;0;1;0;0;59.745345;30.567468
Санкт-Петербургское государственное бюджетное учреждение «Спортивно-оздоровительный комплекс Колпинского района «Ижорец»;каток;Колпинский;день;открытый;1;1;1;1;0;59.7404;30.604877
Санкт-Петербургское государственное бюджетное учреждение «Спортивно-оздоровительный комплекс Колпинского района «Ижорец»;каток;Колпинский;день;открытый;1;0;1;0;0;59.780827;30.656967
Санкт-Петербургское государственное бюджетное учреждение «Спортивно-оздоровительный комплекс Колпинского района «Ижорец»;каток;Колпинский;день;закрытый;1;1;1;1;0;59.806173;30.57919
Хоккейный клуб «Колпино»;каток;Колпинский;день;закрытый;0;0;1;0;0;59.736906;30.606302
Санкт-Петербургское государственное казенное учреждение «Агентство благоустройства и коммунального хозяйства Колпинского района»;каток;Колпинский;день/ночь;открытый;0;0;0;0;0;59.733889;30.593856
Санкт-Петербургское государственное бюджетное учреждение «Спортивно-оздоровительный комплекс Колпинского района «Ижорец»;лыжная трасса;Колпинский;день/ночь;открытый;0;0;0;0;0;59.810838;30.581509
Государственное бюджетное учреждение дополнительного образования спортивная школа олимпийского резерва Колпинского района Санкт-Петербурга;лыжная трасса;Колпинский;день/ночь;открытый;0;0;0;0;0;59.743309;30.616873
Государственное бюджетное учреждение дополнительного образования спортивная школа олимпийского резерва Колпинского района Санкт-Петербурга;лыжная трасса;Колпинский;день/ночь;открытый;0;0;0;0;0;59.742478;30.600937
Санкт-Петербургское государственное бюджетное учреждение «Спортивно-оздоровительный комплекс Колпинского района «Ижорец»;лыжная трасса;Колпинский;день/ночь;открытый;0;0;0;0;0;59.780827;30.656967
Санкт-Петербургское государственное бюджетное учреждение «Спортивно-оздоровительный комплекс Колпинского района «Ижорец»;лыжная трасса;Колпинский;день/ночь;открытый;0;0;0;0;0;59.733889;30.593856
ТРЦ «ОКА» Ледовый каток «Каррамба»;каток;Колпинский;день;закрытый;1;1;0;0;0;59.738554;30.623817
Санкт-Петербургское государственное бюджетное учреждение «Спортивно-оздоровительный комплекс Колпинского района «Ижорец»;лыжная трасса;Колпинский;день/ночь;открытый;0;0;0;0;0;59.778313;30.689653
ГБОУ ДОД «Центр Физкультура и Здоровье», спортивный комплекс «Кристалл»;каток;Красногвардейский;день;закрытый;0;1;1;0;0;59.976963;30.425543
ГБОУ ДОД «Центр Физкультура и Здоровье»;каток;Красногвардейский;день;открытый;0;1;0;0;0;59.947982;30.473918
ГБОУ ДОД «Центр Физкультура и Здоровье»;каток;Красногвардейский;день;открытый;0;1;0;0;0;59.928054;30.425975
ГБОУ ДОД «Центр Физкультура и Здоровье»;каток;Красногвардейский;день;открытый;0;1;0;0;0;59.976855;30.422345
ГБОУ ДОД «Центр Физкультура и Здоровье»;каток;Красногвардейский;день;открытый;0;1;0;0;0;59.961724;30.432353
ГБОУ ДОД «Центр Физкультура и Здоровье»;каток;Красногвардейский;день;открытый;0;1;0;0;0;59.95835;30.421914
ГБОУ ДОД «Центр Физкультура и Здоровье»;каток;Красногвардейский;день;открытый;0;1;0;0;0;60.028375;30.454703
"ГБОУ ДОД ""Центр Физкультура и Здоровье""";лыжная трасса;Красногвардейский;день;открытый;0;0;0;0;0;59.96017;30.46259
"ГБОУ ДОД ""Центр Физкультура и Здоровье""";лыжная трасса;Красногвардейский;день;открытый;0;0;0;0;0;59.965048;30.419866
Государственное бюджетное учреждение спортивная школа Красногвардейского района Санкт-Петербурга;лыжная трасса;Красногвардейский;день/ночь;открытый;0;0;0;0;0;60.001226;30.141577
СПб ГБУ «Подростково-молодежный центр «Охта»;каток;Красногвардейский;день;открытый;0;0;0;0;0;59.969758;30.424618
"СПб ГАО ""Дирекция по управлению спортивными сооружениями""";каток;Красногвардейский;день;закрытый;0;0;0;0;0;59.944539;30.459078
"СК ""Красная Звезда""";каток;Красногвардейский;день;закрытый;1;1;1;1;1;59.9588;30.474933
"Всесезонная ледовая арена Go Ice (ИП ""Подстрешный Л.С"")";каток;Красногвардейский;день;закрытый;1;1;1;1;1;59.936692;30.430736
"Ледовая арена ""Трудовые резервы""";каток;Красногвардейский;день;закрытый;1;1;1;1;0;59.937716;30.433026
Федерация керлинга Санкт-Петербурга;каток;Красногвардейский;день;закрытый;1;1;1;1;0;59.961629;30.484742
ГБОУ ДОД «Центр Физкультура и Здоровье»;каток;Красногвардейский;день;открытый;0;1;0;0;0;59.923924;30.42369
Большой зимний каток у Охта Молла;каток;Красногвардейский;день;открытый;1;0;1;1;1;59.94123432964758;30.417191013693817
СПБ ГБУ «Кронштадтский ОСЦ»;каток;Кронштадтский;день;открытый;1;0;1;0;0;59.98545671721552;29.79961321389528
СПБ ГБУ «Кронштадтский ОСЦ»;лыжная трасса;Кронштадтский;день;открытый;1;1;1;0;0;59.98545671721552;29.79961321389528
"СПб ГБУ ""Кронштадтский ОСЦ""";каток;Кронштадтский;день;открытый;0;1;0;0;0;60.00968215044056;29.721402085060838
"СПб ГБУ ""Кронштадтский ОСЦ""";каток;Кронштадтский;день;открытый;0;1;0;0;0;59.99772247781833;29.759086642730814
"СПб ГБУ ""Кронштадтский ОСЦ""";каток;Кронштадтский;день;открытый;0;0;0;0;0;59.99298956202367;29.782176100401074
"СПб ГБУ ""Кронштадтский ОСЦ""";каток;Кронштадтский;день;открытый;0;1;0;0;0;59.988826239162776;29.77418098321382
АО «Концерн «Морское подводное оружие-Гидроприбор», База отдыха Прибой, ГКУ «Дирекция особо охраняемых природных территорий Санкт-Петербурга;лыжная трасса;Курортный;день;открытый;1;0;1;0;0;60.208819;29.720182
Государственное бюджетное учреждение спортивная школа олимпийского резерва Курортного района Санкт-Петербурга;лыжная трасса;Курортный;день;открытый;0;0;1;1;0;60.195984;29.717322
"Санкт-Петербургское государственное бюджетное учреждение культуры ""Зеленогорский парк культуры и отдыха""";каток;Курортный;день;открытый;1;0;1;0;0;60.19207884111467;29.69896048852033
"Санкт-Петербургское государственное бюджетное учреждение культуры ""Парк культуры и отдыха ""Дубки"" (Большой ледовый каток)";каток;Курортный;день;открытый;1;1;1;1;0;60.091931;29.941715
"Санкт-Петербургское государственное бюджетное учреждение культуры ""Парк культуры и отдыха ""Дубки"" (Хоккейная коробка)";каток;Курортный;день;открытый;1;1;1;1;0;60.091331;29.94193
"Санкт-Петербургское государственное бюджетное учреждение культуры ""Парк культуры и отдыха ""Дубки""";лыжная трасса;Курортный;день/ночь;открытый;1;1;1;1;0;60.088908;29.933647
"Санкт-Петербургское государственное бюджетное учреждение культуры ""Парк культуры и отдыха ""Дубки""";лыжная трасса;Курортный;день/ночь;открытый;1;1;1;1;0;60.09368;29.93904
"Санкт-Петербургское государственное бюджетное учреждение ""ЦФКС и З Курортного района Санкт-Петербурга""";каток;Курортный;день;открытый;0;0;0;0;0;60.105669;29.977545
"Санкт-Петербургское государственное бюджетное учреждение ""ЦФКС и З Курортного района Санкт-Петербурга""";каток;Курортный;день;закрытый;1;1;1;0;0;60.09903;29.968139
"Санкт-Петербургское государственное бюджетное учреждение ""ЦФКС и З Курортного района Санкт-Петербурга""";каток;Курортный;день;открытый;0;0;0;0;0;60.091588;29.957216
"Санкт-Петербургское государственное бюджетное учреждение ""ЦФКС и З Курортного района Санкт-Петербурга""";лыжная трасса;Курортный;день;открытый;0;0;0;0;0;60.105499;29.977037
"Санкт-Петербургское государственное бюджетное учреждение ""ЦФКС и З Курортного района Санкт-Петербурга""";лыжная трасса;Курортный;день;открытый;0;0;0;0;0;60.105499;29.977037
"Санкт-Петербургское государственное бюджетное учреждение ""ЦФКС и З Курортного района Санкт-Петербурга""";лыжная трасса;Курортный;день;открытый;0;0;0;0;0;60.105499;29.977037
"Санкт-Петербургское государственное бюджетное учреждение ""ЦФКС и З Курортного района Санкт-Петербурга""";лыжная трасса;Курортный;день;открытый;0;0;0;0;0;60.068242;29.960314
СПб ГБУ «ЦФКС и З Курортного района Санкт-Петербурга»;каток;Курортный;день;открытый;0;0;0;0;0;60.118277;30.185007
"Санкт-Петербургское государственное бюджетное учреждение ""ЦФКС и З Курортного района Санкт-Петербурга""";лыжная трасса;Курортный;день;открытый;0;0;0;0;0;60.117339;30.151754
"Санкт-Петербургское государственное бюджетное учреждение ""ЦФКС и З Курортного района Санкт-Петербурга""";лыжная трасса;Курортный;день;открытый;0;0;0;0;0;60.12327;30.114337
"Санкт-Петербургское государственное бюджетное учреждение ""ЦФКС и З Курортного района Санкт-Петербурга""";лыжная трасса;Курортный;день;открытый;0;0;0;0;0;60.086804;29.970415
"Санкт-Петербургское государственное бюджетное учреждение ""ЦФКС и З Курортного района Санкт-Петербурга""";лыжная трасса;Курортный;день;открытый;0;0;0;0;0;60.211047;29.790783
"Санкт-Петербургское государственное бюджетное учреждение ""ЦФКС и З Курортного района Санкт-Петербурга""";лыжная трасса;Курортный;день;открытый;0;0;0;0;0;60.094372;29.939667
"Санкт-Петербургское государственное бюджетное учреждение ""ЦФКС и З Курортного района Санкт-Петербурга""";лыжная трасса;Курортный;день;открытый;0;0;0;0;0;60.117163;29.966075
Санкт-Петербургское региональное общественное учреждение «Спортивный клуб «Пухтолова гора»;горнолыжный склон;Курортный;день;открытый;1;1;1;1;1;60.232162;29.683729
Санкт-Петербургское региональное общественное учреждение «Спортивный клуб «Пухтолова гора»;горнолыжный склон;Курортный;день;открытый;1;1;1;1;1;60.232162;29.683729
Санкт-Петербургское региональное общественное учреждение «Спортивный клуб «Пухтолова гора»;каток;Курортный;день;открытый;1;1;1;1;1;60.231997;29.685188
"СПб ГБУ ""Спортивный центр ""Физкультура и здоровье"" (внутридворовая спортивная площадка)";каток;Московский;день;открытый;0;1;0;0;0;59.887711;30.320378
"СПб ГБУ ""Спортивный центр ""Физкультура и здоровье"" (внутридворовая спортивная площадка)";каток;Московский;день;открытый;0;1;0;0;0;59.81022;30.29845
"СПб ГБУ ""Спортивный центр ""Физкультура и здоровье"" (внутридворовая спортивная площадка)";каток;Московский;день;открытый;0;1;0;0;0;59.856835;30.309319
"СПб ГБУ ""Спортивный центр ""Физкультура и здоровье"" (внутридворовая спортивная площадка)";каток;Московский;день;открытый;0;1;0;0;0;59.846842;30.327177
"СПб ГБУ ""Спортивный центр ""Физкультура и здоровье"" (внутридворовая спортивная площадка)";каток;Московский;день;открытый;0;1;0;0;0;59.873631;30.32367
"СПб ГБУ ""Спортивный центр ""Физкультура и здоровье"" (внутридворовая спортивная площадка)";каток;Московский;день;открытый;0;1;0;0;0;59.856008;30.300938
"СПб ГБУ ""ЦФКСиЗ Московского района"" Ледовая Арена";каток;Московский;день;закрытый;1;1;1;1;1;59.850349;30.351998
"""Парк Победы""";каток;Московский;день;открытый;1;0;1;1;1;59.866319;30.321986
"СПб ГБУ ""ЦФКСиЗ Московского района"" Ледовая Арена";лыжная трасса;Московский;день;открытый;0;0;0;0;0;59.850349;30.351998
"СПб ГБУ ""Спортивный центр ""Физкультура и здоровье"" (внутридворовая спортивная площадка)";лыжная трасса;Московский;день;открытый;0;0;0;0;0;59.866319;30.321986
"СПб ГБУ ""Спортивный центр ""Физкультура и здоровье"" (внутридворовая спортивная площадка)";лыжная трасса;Московский;день;открытый;0;0;0;0;0;59.838372;30.32601
"СПб ГБУ ""Спортивный центр ""Физкультура и здоровье"" (внутридворовая спортивная площадка)";лыжная трасса;Московский;день;открытый;0;0;0;0;0;59.867913;30.30092
СПб ГБУ «ЦФКСиЗ Петроградского района»;каток;Петроградский;день;открытый;0;0;0;0;0;59.95734;30.33466
СПб ГБУ «ЦФКСиЗ Петроградского района»;каток;Петроградский;день;открытый;0;0;0;0;0;59.96439;30.31613
СПб ГБУК МДК ЦПКиО им. С.М. Кирова;каток;Петроградский;день;открытый;1;0;1;0;1;59.98084;30.26631
СПб ГБУК МДК ЦПКиО им. С.М. Кирова;каток;Петроградский;день;открытый;1;0;1;0;1;59.98045;30.2512
СПб ГБУК МДК ЦПКиО им. С.М. Кирова;лыжная трасса;Петроградский;день;открытый;1;0;1;0;1;59.97633;30.25855
ООО «СК «Юбилейный»;каток;Петроградский;день;закрытый;0;0;1;1;1;59.950039;30.292093
СД «Хоккейный» филиала ФАУ МО РФ ЦСКА (СКА, г.Санкт-Петербург);каток;Петроградский;день/ночь;закрытый;0;1;1;1;1;59.95746;30.27935
АО «Зенит-Арена» (Каток у Флагштока);каток;Петроградский;день;открытый;1;1;1;1;1;59.970456;30.211809
Лыжная трасса в Приморском парке Победы;лыжная трасса;Петроградский;день;открытый;0;0;0;0;0;59.972227;30.237498
СПбГБУ «Центр спорта Петродворцового района»;каток;Петродворцовый;день;открытый;0;1;0;0;0;59.876784;29.864402
СПбГБУ «Центр спорта Петродворцового района»;каток;Петродворцовый;день;открытый;0;1;1;0;0;59.876508;29.863521
СПб ГБУ «Подростково-молодежный центр Петродворцового района Санкт-Петербурга»;каток;Петродворцовый;день;открытый;0;1;0;0;0;59.851761;30.034076
СПбГБУ «Центр спорта Петродворцового района»;каток;Петродворцовый;день;открытый;0;1;0;0;0;59.903386;29.778972
ГБУ СШ «Манеж» Петродворцового района Санкт-Петербурга;каток;Петродворцовый;день;закрытый;0;0;1;0;0;59.8771;29.854404
Ледовая арена «АСК-С»;каток;Петродворцовый;день;закрытый;1;1;1;1;1;59.850988;30.036357
ГБУ СШ «Манеж» Петродворцового района Санкт-Петербурга;каток;Петродворцовый;день;закрытый;0;0;1;0;0;59.913528;29.763898
ОО«Русская деревня Шуваловка»;каток;Петродворцовый;день;открытый;1;1;1;1;1;59.868234;29.977931
Местная администрация МО г. Петергоф;каток;Петродворцовый;день;открытый;0;0;0;0;0;59.874797;29.89843
Местная администрация МО г. Ломоносов;каток;Петродворцовый;день;открытый;0;0;0;0;0;59.897727;29.774579
СПбГБУ «Центр спорта Петродворцового района»;каток;Петродворцовый;день;открытый;0;1;1;0;0;59.907777;29.767413
РЖД;каток;Петродворцовый;день;открытый;0;0;0;0;0;59.863615;29.925485
АО СПП «Флора»;лыжная трасса;Петродворцовый;день;открытый;0;0;0;0;0;59.875709;29.926574
Петергоф, Луговой парк;лыжная трасса;Петродворцовый;день;открытый;0;0;0;0;0;59.848579;29.879631
Территория лесопарка;лыжная трасса;Петродворцовый;день;открытый;0;0;0;0;0;59.903038;29.760314
Территория Петродворцового района и Ленинградской области;лыжная трасса;Петродворцовый;день;открытый;0;0;0;0;0;59.869271;29.845108
АО СПП «Флора»;лыжная трасса;Петродворцовый;день;открытый;0;0;1;0;0;59.880442;29.878496
СПб ГБУ «Центр спорта Приморского района»;каток;Приморский;день;открытый;0;0;0;0;0;59.987697;30.316968
СПб ГБУ «Центр спорта Приморского района»;каток;Приморский;день;открытый;0;1;0;0;0;59.986441;30.280333
СПб ГБУ «Центр спорта Приморского района»;каток;Приморский;день;открытый;0;1;0;0;0;60.001101;30.243109
СПб ГБУ «Центр спорта Приморского района»;каток;Приморский;день;открытый;0;0;0;0;0;60.006406;30.288394
СПб ГБУ «Центр спорта Приморского района»;каток;Приморский;день;открытый;0;0;0;0;0;60.009468;30.278861
СПб ГБУ «Центр спорта Приморского района» (земельный участок принадлежит администрации Приморского района Санкт-Петербурга);каток;Приморский;день;открытый;0;0;0;0;0;60.01691;30.262919
СПб ГБУ «Центр спорта Приморского района»;каток;Приморский;день;открытый;0;1;0;0;0;60.011825;30.242121
СПб ГБУ «Центр спорта Приморского района»;каток;Приморский;день;открытый;0;0;0;0;0;60.012025;30.247542
СПб ГБУ «Центр спорта Приморского района»;каток;Приморский;день;открытый;0;1;0;0;0;59.985485;30.240465
СПб ГБУ «Центр спорта Приморского района»;каток;Приморский;день;открытый;0;1;0;0;0;60.008385;30.217839
СПб ГБУ «Центр спорта Приморского района»;каток;Приморский;день;открытый;0;0;0;0;0;59.986225;30.21316
СПб ГБУ «Центр спорта Приморского района»;каток;Приморский;день;открытый;0;0;0;0;0;59.987039;30.210357
СПб ГБУ «Центр спорта Приморского района»;каток;Приморский;день;открытый;0;1;0;0;0;59.987066;30.210492
СПб ГБУ «Центр спорта Приморского района»;каток;Приморский;день;открытый;0;0;0;0;0;60.028456;30.247838
"СПб ГБУ ""Центр спорта Приморского района""";каток;Приморский;день;открытый;0;0;0;0;0;60.024396;30.242701
"СПб ГБУ ""Центр спорта Приморского района"" (земельный участок принадлежит Комитету по благоустройству)";лыжная трасса;Приморский;день;открытый;0;0;0;0;0;60.006685;30.308167
"СПб ГБУ ""Центр спорта Приморского района"" (земельный участок принадлежит Комитету по благоустройству)";лыжная трасса;Приморский;день;открытый;0;0;0;0;0;59.983728;30.201812
"СПб ГБУ ""Центр спорта Приморского района"" (земельный участок принадлежит СПб ГКУ ""Дирекция особо охраняемых природных территорий Санкт-Петербурга""";лыжная трасса;Приморский;день;открытый;0;0;0;0;0;59.993016;30.096974
"Школа хоккея ""Метеор""";каток;Приморский;день;закрытый;1;1;1;0;1;59.981926;30.325383
СПб ГБУ СШОР фигурного катания на коньках;каток;Приморский;день;закрытый;1;1;1;1;1;60.003223;30.263304
СПб ГБОУ школа № 45 Приморского района;каток;Приморский;день;открытый;0;0;0;0;0;60.01227;30.265905
СПб ГБОУ школа № 440 Приморского района;каток;Приморский;день;открытый;0;0;0;0;0;60.000832;30.138505
СПб ГБОУ школа № 555 Приморского района;каток;Приморский;день;открытый;0;0;0;0;0;60.012874;30.260031
СПб ГБОУ школа № 634 Приморского района;каток;Приморский;день;открытый;0;0;0;0;0;60.026329;30.291177
СПб ГБОУ школа № 438 Приморского района;каток;Приморский;день;открытый;0;0;1;0;0;60.009511;30.006075
ООО «Стрела» каток «Богатырь»;каток;Приморский;день;открытый;1;1;1;1;1;60.001428;30.25881
Каток в Континенте;каток;Приморский;день;закрытый;1;0;1;1;0;60.001973;30.272187
"СПб ГБПОУ ""Академия ледовых видов спорта ""Динамо Санкт-Петербург""";каток;Приморский;круглосуточно;закрытый;0;0;1;0;0;59.994209;30.205264
"СПб ГБПОУ ""Академия ледовых видов спорта ""Динамо Санкт-Петербург""";каток;Приморский;круглосуточно;закрытый;0;0;1;0;0;60.017419;30.269259
"Спортивный комплекс ""Iceburg Arena""";каток;Приморский;день;закрытый;1;0;1;1;1;60.017482;30.282905
СПб ГБУ ЦФКСЗ «Царское Село»;каток;Пушкинский;день/ночь;открытый;0;1;0;0;0;59.6646556;30.4105399
СПб ГБУ ЦФКСЗ «Царское Село»;каток;Пушкинский;день/ночь;открытый;0;1;0;0;0;59.7291316;30.4080516
СПб ГБУ ЦФКСЗ «Царское Село»;каток;Пушкинский;день/ночь;открытый;0;1;0;0;0;59.7017574925737;30.38416799636325
СПб ГБУ ЦФКСЗ «Царское Село»;каток;Пушкинский;день/ночь;открытый;0;1;0;0;0;59.73964140571164;30.41682509026144
СПб ГБУ ЦФКСЗ «Царское Село»;каток;Пушкинский;день/ночь;открытый;0;1;0;0;0;59.73395;30.4191167
СПб ГБУ ЦФКСЗ «Царское Село»;каток;Пушкинский;день/ночь;открытый;0;1;0;0;0;59.73054;30.4169142
СПб ГБУ ЦФКСЗ «Царское Село»;каток;Пушкинский;день/ночь;открытый;0;1;0;0;0;59.810156;30.3752382
СПб ГБУ ЦФКСЗ «Царское Село»;каток;Пушкинский;день;открытый;1;1;1;0;1;59.6899017;30.4452887
МО Шушары;каток;Пушкинский;день/ночь;открытый;0;0;0;0;0;59.759200297107405;30.47137251044895
МО Шушары;каток;Пушкинский;день/ночь;открытый;0;0;0;0;0;59.75961685717517;30.365802813154385
МО Шушары;каток;Пушкинский;день/ночь;открытый;0;0;0;0;0;59.72878826283449;30.469223633986964
МО Павловск;каток;Пушкинский;день/ночь;открытый;0;0;0;0;0;59.68678222989538;30.42693759798768
МО Павловск;каток;Пушкинский;день/ночь;открытый;0;0;0;0;0;59.65486626126018;30.4005158786306
ООО «Клуб друзей»;каток;Пушкинский;день;открытый;1;1;1;1;1;59.715309;30.391683
Центр семейного досуга «Каскад»;каток;Пушкинский;день;открытый;0;0;0;0;0;59.693119341692174;30.414924323449675
Ледовая арена «Пулково»;каток;Пушкинский;день;закрытый;1;1;1;1;1;59.75828;30.361211
СПб ГБУ ЦФКСЗ «Царское Село»;лыжная трасса;Пушкинский;день/ночь;открытый;0;0;0;0;0;59.711314;30.420223
СПб ГБУ ЦФКСЗ «Царское Село»;лыжная трасса;Пушкинский;день;открытый;0;0;0;0;0;59.685898852373406;30.46071499575192
Спортивный центр «Арена ракета»;каток;Пушкинский;день;закрытый;1;1;1;1;1;59.80681023036661;30.37001788594353
КДЦ «Green Park»;каток;Пушкинский;день;открытый;1;0;1;1;1;59.742585297892546;30.47102808908676
СПБ ГБУ Центр ФКСиЗ Фрунзенского района;каток;Фрунзенский;день;открытый;0;0;0;0;0;59.852042;30.372717
СПБ ГБУ Центр ФКСиЗ Фрунзенского района;каток;Фрунзенский;день;открытый;0;0;0;0;0;59.867881;30.36112
СПБ ГБУ Центр ФКСиЗ Фрунзенского района;каток;Фрунзенский;день;открытый;0;0;0;0;0;59.872695;30.36872
СПБ ГБУ Центр ФКСиЗ Фрунзенского района;каток;Фрунзенский;день;открытый;0;0;0;0;0;59.845692;30.408768
СПБ ГБУ Центр ФКСиЗ Фрунзенского района;каток;Фрунзенский;день;открытый;0;0;0;0;0;59.841638;30.416967
СПБ ГБУ Центр ФКСиЗ Фрунзенского района;каток;Фрунзенский;день;открытый;0;0;0;0;0;59.878068;30.382642
СПБ ГБУ Центр ФКСиЗ Фрунзенского района;каток;Фрунзенский;день;открытый;0;0;0;0;0;59.876284;30.387911
СПБ ГБУ Центр ФКСиЗ Фрунзенского района;каток;Фрунзенский;день;открытый;0;0;0;0;0;59.862429;30.387868
СПБ ГБУ Центр ФКСиЗ Фрунзенского района;каток;Фрунзенский;день;открытый;0;0;0;0;0;59.869679;30.383678
ГБОУ СОШ № 230;каток;Фрунзенский;день;открытый;0;0;0;0;0;59.870822;30.390419
Ледовая арена «Купчино»;каток;Фрунзенский;день/ночь;закрытый;0;0;0;0;0;59.844081;30.377856
ООО «Академия Валерия Харламова»;каток;Фрунзенский;день/ночь;закрытый;0;0;0;0;0;59.879091;30.384086
СПБ ГБУ Центр ФКСиЗ Фрунзенского района;лыжная трасса;Фрунзенский;день;открытый;0;0;0;0;0;59.880943;30.37363
СПБ ГБУ Центр ФКСиЗ Фрунзенского района;лыжная трасса;Фрунзенский;день;открытый;0;0;0;0;0;59.860196;30.402913
СПБ ГБУ Центр ФКСиЗ Фрунзенского района;лыжная трасса;Фрунзенский;день;открытый;0;0;0;0;0;59.863447;30.362978
СПБ ГБУ Центр ФКСиЗ Фрунзенского района;каток;Фрунзенский;день;открытый;0;0;0;0;0;59.850283;30.39236
СПБ ГБУ Центр ФКСиЗ Фрунзенского района;каток;Фрунзенский;день;открытый;0;0;0;0;0;59.874697;30.40393
Многофункциональный развлекательный комплекс «Таврический сад»;каток;Центральный;день/ночь;закрытый;1;1;1;1;1;59.94645;30.368979
СПБ ГБУ «Центр физической культуры, спорта и здоровья Центрального района Санкт-Петербурга» (Стадион Таврического сада);каток;Центральный;день;открытый;1;0;1;1;0;59.945815;30.368788
СПБ ГБУ «Центр физической культуры, спорта и здоровья Центрального района Санкт-Петербурга»;каток;Центральный;день;открытый;0;0;0;0;0;59.946327;30.384025
СПБ ГБУ «Центр физической культуры, спорта и здоровья Центрального района Санкт-Петербурга»;каток;Центральный;день;открытый;0;0;0;0;0;59.926578;30.380746
СПБ ГБУ «Центр физической культуры, спорта и здоровья Центрального района Санкт-Петербурга»;каток;Центральный;день;открытый;0;0;0;0;0;59.926578;30.380746
СПБ ГБУ «Центр физической культуры, спорта и здоровья Центрального района Санкт-Петербурга»;каток;Центральный;день;открытый;0;0;0;0;0;59.9372294;30.3243239
ОАО СПП «Центральное»;каток;Центральный;день;открытый;0;0;0;0;0;59.930843;30.377733
АО «Большой Гостиный Двор»;каток;Центральный;день;открытый;1;1;0;1;1;59.933441;30.331275
СПБ ГБУ «Центр физической культуры, спорта и здоровья Центрального района Санкт-Петербурга»;лыжная трасса;Центральный;день;открытый;1;0;1;1;0;59.945178;30.371623
СПБ ГБУ «Центр физической культуры, спорта и здоровья Центрального района Санкт-Петербурга»;каток;Центральный;день;открытый;0;0;0;0;0;59.94098;30.382671
